상품명,상품가격,상품번호,제조사,제조국
★셀럽 착용★[Signature] ROBE Drape Dress_Classic Mint,"204,410원",1000061378722,MUSEE/해당사항 없음,한국
빈티지 페이즐리 원피스 (T214MOP262W),"136,330원",1000066201451,(주)지엔코/(주)지엔코,중국
[라인어디션][N602]플라워 러플 카라 원피스(NWOPKH0700),"82,251원",1000066948046,(주)린컴퍼니/(주)린컴퍼니,중국
앰버 프린트 셔링 티어드 원피스 (JVOP321H),"101,916원",1000067228310,(주)티비에이치글로벌/(주)티비에이치글로벌,중국
변형 세일러카라 티어드 원피스(PM2WO403),"52,472원",1000065328415,(주)제이씨패밀리/해당사항 없음,한국
[라인어디션](N753) 퍼프 슬리브 셔츠 원피스(NGOPKH9900),"65,949원",1000052956228,(주)린 컴퍼니/(주)린 컴퍼니,베트남
카라 프린트 플리츠 원피스(PM2WO402),"59,114원",1000064389795,(주)제이씨패밀리/(주)제이씨패밀리,중국
[5월 17일 예약배송] 플리츠 블록 원피스 (MOBBOP13S4),"79,200원",1000065843389,㈜퍼스트에프엔씨/㈜퍼스트에프엔씨,중국
사이드 슬릿 셔츠 원피스 (SWWOPK21460),"46,920원",1000048998494,(주)인동에프엔/(주)인동에프엔,베트남
린 민소매 A라인원피스(LGOPKG9800),"65,970원",1000048379228,(주)테난/(주)테난,중국
(지고트) 플리츠 배색 집업 칼라 원피스 JK3A0OP89,"122,851원",1000042660145,(주)바바패션/(주)바바패션,중국
[케네스레이디] (E598) 플라워 소녀 쉬폰원피스 (EWOPKH0600),"72,618원",1000063666246,(주)린컴퍼니/(주)린컴퍼니,중국
프린트 카라 싱글버튼 원피스 (AM2WO462),"55,174원",1000064981157,(주)LAP/(주)LAP,중국
오픈 칼라 플랩 시어서커 원피스(GK4M0OPP4),"40,180원",1000043955718,바바패션/(주)바바패션,베트남
폴로 랄프 로렌 여성 숏 슬리브 폴로 셔츠드레스(WMPODRSNFA20105001),"239,000원",1000069055810,랄프로렌코리아 유한회사/랄프로렌코리아 유한회사,베트남
[지컷21S/S]브루노 코튼 원피스(7251237015),"94,139원",1000062580306,(주)워너비트레이딩/(주)신세계인터내셔날,중국
배색 레이어드 플레어 원피스 7250337012140,"149,000원",1000051657448,신세계인터내셔날/신세계인터내셔날,중국
E542 퍼프 소매 브이넥 벨티드 원피스 ECOPKG7200,"49,647원",1000067840260,(주)라인바이린/(주)라인 바이린,중국
[라인](N604)브이넥 랩 A라인 원피스(NGOPKH92L),"43,719원",1000067641158,(주)린컴퍼니/(주)린컴퍼니,중국
[VOV]보브  벨트 포인트 버튼업 원피스(7120237512),"70,400원",1000064005684,(주)신세계인터네셔날/(주)신세계인터네셔날,중국
프릴 반팔 소매 원피스 (T214MOP253W),"195,030원",1000064456534,(주)지엔코/(주)지엔코,중국
[라인](N604)퍼프 슬리브 셔츠 원피스(NGOPKH99L),"46,683원",1000067629751,(주)린컴퍼니/(주)린컴퍼니,베트남
[라인어디션][N602]카라 포인트 버튼업 원피스 (NWOPKF6000),"51,129원",1000050261779,(주)린컴퍼니/(주)린컴퍼니,중국
[SATIN] [5/31일 예약배송] [온라인단독] [나나착용]플라워 머메이드 원피스 O211T601-03,"112,320원",1000065596569,㈜와이에스콜렉션/㈜와이에스콜렉션,중국
쿨피스 브이넥 민소매 원피스 (T214MOP299W),"169,870원",1000068927805,(주)지엔코/(주)지엔코,중국
[HSDR-1B406] 헤지스레이디스 벨티드 면혼방 반팔 PK 롱원피스,"128,880원",1000063582623,LF/LF,베트남
[Blue Label]허리 러플 포인트 아노락 후드 원피스(EM2OOP04),"103,032원",1000064987718,(주)제이씨패밀리/해당사항 없음,한국
[라인](N604)더블버튼 브이넥 카라 원피스(NWOPKG06L),"76,323원",1000067647664,(주)린컴퍼니/(주)린컴퍼니,중국
모어[MORH] 인견100 아트 프린팅 원피스 3종,"53,751원",1000066880081,(주)트라이씨클/제조원: (주)WEIHAI BAOLIYA수입원: (주)엘엔에스갤러리,중국
레이스 칼라 퍼프 원피스 (GK7A0OP14),"105,780원",1000065387238,(주)바바패션/해당사항 없음,한국
캉캉 미니 원피스LU61A5OP519X,"37,927원",1000064399474,(주)아이디조이/(주)아이디조이,중국
에스닉 타슬 롱 원피스(AM2WO482),"48,190원",1000066083056,(주)랩/(주)랩,중국
오로라 플라워 원피스LU31A5OP527X,"44,523원",1000065020832,(주)아이디조이/(주)아이디조이,중국
밴딩 롱 라운드넥 원피스 SAOPD2861,"157,440원",1000068831228,주베네통코리아/중국,중국
하늘롱 여성 플라워 7부소매 롱원피스,"20,228원",1000044630419,바비수아/해당사항 없음,기타
(E504)[케네스레이디] 라펠 퍼프 숄더 원피스(EWOPKF1900),"61,503원",1000067449127,(주)라인 바이린/(주)라인 바이린,중국
허리스모킹 레이스장식 뷔스티에 원피스(PM2WO484),"39,188원",1000065417380,(주)제이씨패밀리/(주)제이씨패밀리,중국
[made by LAP] 스트링 디테일 데님 오버롤 (AM2DO460),"48,190원",1000066462827,(주)LAP/(주)LAP,중국
[라인어디션] (N755) 플리츠 벨티드 원피스 (NWOPKH0500),"73,359원",1000067445459,(주) 린컴퍼니/(주) 린컴퍼니,중국
[지컷21S/S]러플 헴라인 원피스(7251237002),"87,821원",1000061012065,(주)성현인터내셔날/(주)신세계인터내셔날,중국
(LYNN/L448)단추포인트원피스(LWOPJH0600),"578,000원",1000065492230,(주)테난/해당사항 없음,한국
[지컷21S/S]워싱 캐주얼 데님 원피스(7251255003),"113,093원",1000061405915,(주)신세계인터내셔날/해당사항 없음,한국
[5월 18일 순차배송] 컬러 배색 스트링 원피스 (MOBBOP12S4),"42,400원",1000065395627,㈜퍼스트에프엔씨/㈜퍼스트에프엔씨,중국
[라인](N604)버튼 스트랩 셔츠 원피스(NGOPKF99L),"80,769원",1000066583014,(주)린컴퍼니/(주)린컴퍼니,베트남
슬림핏 반팔 데님 원피스(AM2DO562),"55,174원",1000066925769,(주)LAP/(주)LAP,중국
벨티드 2컬러 점프수트 [AL212WO521],"28,615원",1000067257698,에이로나/에이로나,상세설명참조
[GARDEN]앞오픈 주름 뷔스티에 원피스 (PM2WO536),"56,580원",1000069281649,(주)제이씨패밀리/(주)제이씨패밀리,중국
[라인어디션](N753) 배색 카라 플리츠 원피스(NWOPKH6200),"76,323원",1000052956230,(주)린 컴퍼니/(주)린 컴퍼니,중국
이다 후드지퍼원피스(LU61A6OP515J),"37,927원",1000064900891,(주)아이디조이/(주)아이디조이,중국
플로럴 벨티드 원피스(OP-5172),"54,047원",1000052455135,(주)바이와이제이/(주)바이와이제이,중국
와이드 드레스 블랙,"79,900원",1000049728815,H&M/H&M Co.Ltd,중국
쿨피스 핀턱디테일 롱 원피스 (T214MOP303W),"194,790원",1000068918342,(주)지엔코/(주)지엔코,중국
[로엠] WY 카라포인트 플레어 원피스 - RMOW925R13_39,"19,104원",1000065913440,(주)인터파크/해당사항 없음,기타
보태니컬 시폰 원피스 (SWWOPK22040),"37,400원",1000049980935,㈜인동에프엔/㈜인동에프엔,베트남
S 로제프린트 OP(B1M3O672),"126,650원",1000061729497,수인터내셔날/수인터내셔날,중국
앰버 프린트 스트링 원피스 (JVOP426B),"96,672원",1000067229357,(주)티비에이치글로벌/(주)티비에이치글로벌,중국
[라인어디션](N753) 퍼프 셔츠 언발란스 원피스(NGOPLD9500),"179,000원",1000068138881,(주)린 컴퍼니/(주)린 컴퍼니,중국
벨트 스트라이프 셔츠 롱원피스(GL5N0OP57),"40,590원",1000068485567,(주)바바패션/(주)바바패션,중국
[라인어디션][N602]잔체크 핀턱 디테일 원피스(NGOPKG9900),"46,683원",1000066702736,(주)린컴퍼니/(주)린컴퍼니,중국
꽃나염 끈 주름원피스 (MOBBOP07S4),"30,400원",1000064566577,㈜퍼스트에프엔씨/㈜퍼스트에프엔씨,중국
[케네스레이디] (E598) 플라워 프린팅 쉬폰원피스 (EWOPKH06),"72,618원",1000064493019,(주)린컴퍼니/(주)린컴퍼니,중국
[라인어디션][N602]시스루 러플 카라 원피스(NWOPKG0200),"82,251원",1000066703041,(주)린컴퍼니/(주)린컴퍼니,중국
빅 카라 7부 소매 롱 원피스 OW0AO222,"295,200원",1000051099481,올리브데올리브/이룸,중국
[7151237504] 보브 사이드 배색 스트랩 원피스,"111,200원",1000065351634,신세계인터내셔날/중국,중국
[지컷21S/S]고고 체크 원피스(7251237800),"87,821원",1000064636868,1st PENGUIN/(주)신세계인터내셔날,중국
시스루배색 원피스(CK6E0OP63),"71,200원",1000044913954,(주)바바패션/(주)바바패션,중국
나일론 스트링원피스 (AM2WO448),"41,206원",1000064981347,(주)LAP/(주)LAP,중국
쇼트 슬리브 스트라이프 원피스 06630651251,"99,000원",1000064762257,Massimo Dutti/마시모두띠코리아 유한회사,중국
레이스패치 원피스(LU31A6OP524X),"42,050원",1000065533060,(주)아이디조이/(주)아이디조이,중국
브이넥 단추 체크 원피스(GL5N0OP50),"32,390원",1000067393435,(주)바바패션/(주)바바패션,중국
플라워 엠브로이더드 내츄럴 원피스 7250337011130,"139,000원",1000051657451,신세계인터내셔날/신세계인터내셔날,중국
E542 와이드 카라 플레어 원피스 EWOPKH1700,"70,395원",1000067847222,(주)라인바이린/(주)라인바이린,중국
빅카라 플라워 원피스 (AM2WO483),"55,174원",1000066477837,(주)LAP/(주)LAP,중국
[지컷21S/S]러블리 퍼프 슬리브 니트원피스 (7251250002),"113,093원",1000061332893,(주)신세계인터내셔날/해당사항 없음,한국
턱 디테일 롱 원피스 (T214MOP233W),"149,710원",1000063802721,(주)지엔코/(주)지엔코,중국
레이스 펀칭 퍼프 화이트 원피스,"34,272원",1000064449203,드레스허그/해당사항 없음,기타
뒷리본 랩원피스(LU41A6OP020X),"26,220원",1000068445511,(주)아이디조이/(주)아이디조이,중국
[라인어디션](N753) 스트라이프 셔츠 디테일 원피스 (NGOPKG9700),"149,000원",1000062332230,(주)린 컴퍼니/(주)린 컴퍼니,중국
볼륨 셔츠 원피스 (수입),"27,287원",1000063800546,인디브랜드 제휴업체/인디브랜드 제휴업체,중국
[케네스레이디] (E598) 프릴 라펠카라 플레어 원피스 (EWOPKG0709),"72,618원",1000062778697,(주)린컴퍼니/(주)린컴퍼니,중국
플라워 프린트 원피스(LGOPKF9800),"83,170원",1000045266175,(주)테난/(주)태진케이에스,중국
버튼업 포인트 브이넥 원피스 7129337803203,"72,485원",1000059086154,신세계인터내셔날/신세계인터내셔날,중국
[쥬시쥬디]J도트변형투웨이제천벨트원피스 JUOP321D,"29,640원",1000043549564,(주)티비에이치글로벌/(주)티비에이치글로벌,중국
21SS A라인 플레어 원피스 EF5471-51G 166,"252,297원",1000060140284,동일드방레/동일드방레,중국
플루이드 셔츠 원피스 (SWWSTK22050),"40,800원",1000049980994,㈜인동에프엔/㈜인동에프엔,베트남
[케네스레이디] (E598) 오픈카라 원버튼 벨트 원피스 (EGOPKH9500),"43,719원",1000063665618,(주)라인바이린/(주)라인바이린,베트남
[라인](N604)레이스 카라 A라인 원피스(NWOPLC01L),"95,589원",1000067386509,(주)린컴퍼니/(주)린컴퍼니,중국
밑단플리츠 라운드넥원피스(LGOPKE9600),"87,510원",1000044175478,(주)테난/(주)태진케이에스,중국
E542 잔체크 스퀘어넥 벨티드 원피스 EWOPKF1700,"64,467원",1000067841493,(주)라인 바이린/(주)라인 바이린,중국
"더블버튼 브이넥 카라 원피스(박하나,박아인 착용)(NWOPKG0600)","114,855원",1000065072658,(주)린컴퍼니/(주)린컴퍼니,중국
[지컷21S/S]핀턱 플로럴 플레어 원피스(7251237001),"104,598원",1000063094165,(주)워너비트레이딩/(주)신세계인터내셔날,중국
[여주점] 캡소매 린넨웡피스(A202PWO601),"49,800원",1000065964067,디디엠/상품상세설명 참조,중국
진주포인트 핏앤플레어 니트 원피스(OP-4338),"48,234원",1000033610635,㈜바이와이제이/(주)바이와이제이,중국
라운드넥 훌레아 배색 롱 원피스 (AMTWO047),"25,200원",1000063481018,㈜DS패션/(주)DS패션,중국
[케네스레이디] (E565) 더블 와이드카라 원피스 (EWOPKF1800),"66,690원",1000065584354,(주)라인바이린/(주)라인바이린,중국
페미닌 체크 데일리 원피스(OP-5178),"22,221원",1000049656300,(주)바이와이제이/(주)바이와이제이,중국
[로엠] WY 린넨 셔츠형 원피스 - RMOW92502A_35,"13,344원",1000065913527,(주)인터파크/해당사항 없음,기타
[케네스레이디] (E565) 오픈카라 더블버튼 벨트 원피스 (ECOPKG7100),"51,129원",1000068056300,(주)라인바이린/(주)라인바이린,중국
볼륨소매 도트원피스(LU31A6OP528X),"46,008원",1000065723279,(주)아이디조이/(주)아이디조이,중국
[지컷21S/S]리본 디테일 포켓 원피스(7251237006),"94,139원",1000066191099,(주)워너비트레이딩/(주)신세계인터내셔날,중국
E542 퍼프쉐입 슬리브 버튼 벨티드 원피스 EGOPKG9700,"46,683원",1000067853253,(주)라인바이린/(주)라인바이린,베트남
T22B0TDR001WT1  스트라이프 셔츠 원피스,"255,000원",1000058691749,TOMMY HILFIGER/(주)한섬,중국
(OP-4655)미니멀 포켓 니트 원피스,"16,697원",1000034985577,㈜바이와이제이/㈜바이와이제이,중국
트렌치형 세련된원피스(CK5E0OP52),"203,150원",1000043182879,(주)바바패션/(주)바바패션,중국
허리스트링 원피스(LU61A5OP516X),"44,523원",1000065803574,(주)아이디조이/(주)아이디조이,중국
[케네스레이디] (E598) 오픈카라 원버튼 플리츠 원피스 (EWOPKH1000),"65,949원",1000068011154,(주)린컴퍼니/(주)린컴퍼니,중국
(E504)[케네스레이디] 더블버튼 플리츠 미디 원피스(EWOPKH1300),"79,287원",1000067449765,(주)라인 바이린/(주)라인 바이린,중국
벨티드 셔츠형 원피스 Z203MSE103,"90,558원",1000052382273,(주)대현/해당사항 없음,한국
[케네스레이디] (E598)  프릴 라펠카라 플레어원피스 (EWOPKG0700),"64,467원",1000050991630,(주)라인바이린/(주)라인바이린,중국
[로엠] WY 플라워 랩형 원피스 - RMOW923G11_25,"15,264원",1000065913488,(주)인터파크/해당사항 없음,기타
[라인어디션](N753) 넥 벨티드 플레어 원피스 (NGOPKH9400),"169,000원",1000064841146,(주)린컴퍼니/(주)린 컴퍼니,중국
언발란스 쿨 원피스 7220337602146,"149,400원",1000054045372,신세계인터내셔날/신세계인터내셔날,중국
[made by LAP] 플라워프린트 러플소매 캉캉원피스 (AM2WO477),"55,174원",1000068223056,(주)LAP/(주)LAP,중국
T22B1TDR003WT1 스트라이프 셔츠 드레스,"275,000원",1000060648909,㈜한섬/㈜한섬,중국
힐링 플리츠 무지 반팔 롱원피스,"39,303원",1000044237012,바비수아/해당사항 없음,기타
[BLACK LABEL] 다이아 패턴 니트 원피스 JC10450030147,"329,000원",1000057029717,신세계인터내셔날/해당사항 없음,한국
스퀘어넥 퍼프소매 원피스 (AM2WO57A),"48,190원",1000068240537,(주)LAP/(주)LAP,중국
카라 반오픈 원피스(PL2EO461),"31,980원",1000043613019,(주)아이올리/(주)아이올리,베트남
벌룬 소매 자수 원피스 (T212MOP144W),"242,190원",1000060975625,(주)지엔코/(주)지엔코,중국
[케네스레이디] (E565) 오프 카라 A라인 체크원피스 (EWOPKG0200),"76,323원",1000068056298,(주)라인바이린/(주)라인바이린,중국
[SATIN] [온라인단독][나나착용]플라워 패턴 머메이드 원피스 O211T601-25,"112,320원",1000065608855,㈜와이에스콜렉션/㈜와이에스콜렉션,중국
레트로 체크 라운드 원피스 (MOBBOP06S4),"41,600원",1000065843401,㈜퍼스트에프엔씨/㈜퍼스트에프엔씨,중국
카라 벨티드 플레어 헤지 데님 원피스(PM2DO431),"72,980원",1000065413267,(주)제이씨패밀리/(주)제이씨패밀리,중국
[made by LAP] 데님 랩 원피스 (AM2DO467),"62,158원",1000066301822,(주)LAP/(주)LAP,중국
패턴 포인티드 페미닌 원피스S(OP-4593),"21,891원",1000034835077,㈜바이와이제이/(주)바이와이제이,중국
스모킹 디테일 스트랩리스 드레스 라이트 그린/플로럴,"29,900원",1000067570799,H&M/H&M Co.Ltd,중국
린넨 웨이스트 밴딩 포인티드 원피스(OP-4609),"18,181원",1000034835039,㈜바이와이제이/(주)바이와이제이,중국
플로럴 패턴 랩 원피스 (SWWOPK21040),"30,400원",1000048236791,(주)인동에프엔/(주)인동에프엔,베트남
러플 카라 셔츠 원피스 JC10337100146,"259,000원",1000048390347,신세계인터내셔날/신세계인터내셔날,중국
[시흥점] [A+G]엣지 벨티드 원피스,"26,100원",1000049905474,이와이어패럴/CJ ENM,베트남
퍼플플라워 여성 반팔 쉬폰 플레어 롱 원피스,"22,877원",1000065673581,바비수아/해당사항 없음,기타
카라넥 더블단추 원피스(LGOPKB9600),"74,460원",1000039882967,(주)테난/(주)재아,중국
날개소매 랩 캉캉 원피스 (AM2WO590),"60,237원",1000068961567,(주)LAP/(주)LAP,중국
[라인어디션] (N755) 배색플리츠 롱원피스 (NWOPKH6200),"76,323원",1000067445973,(주) 린컴퍼니/(주) 린컴퍼니,중국
퍼프 벨티드 원피스(OP-4970),"54,047원",1000045232288,(주)바이와이제이/(주)바이와이제이,중국
[지컷21S/S]레이스카라 원피스(7251237701),"111,618원",1000064715768,(주)위드트레이딩/(주)신세계인터내셔날,중국
E542 시스루 기하학패턴 랩원피스 EGOPKH9600,"46,683원",1000067856773,(주)라인바이린/(주)라인바이린,베트남
[라인어디션](N753) 비비안느S 더블버튼 원피스 (NCOPKH7200),"279,000원",1000068138778,(주)린 컴퍼니/(주)린 컴퍼니,중국
E542 버터플라이 자수 카라 원피스 EWOPLD0900,"145,314원",1000068034348,(주)라인바이린/(주)라인바이린,중국
[쥬시쥬디] J콜라보아노락후드원피스 JUOP321G,"29,640원",1000043538717,(주)티비에이치글로벌/080-545-6860 (주)티비에이치글로벌,중국
사이드플랩오픈칼라원피스(BK6E0OP64),"84,150원",1000043425095,(주)바바패션/(주)바바패션,중국
카라 롱 니트 원피스S(OP-4915),"35,826원",1000044139628,(주)바이와이제이/(주)바이와이제이,중국
프리티 글라라 반팔 롱원피스 캐주얼 레터링 원피스티s-01b (6543561),"8,938원",1000060787614,(주)셀러허브/해당사항 없음,기타
소매 디테일 핀턱 셔츠 원피스 GK4M0OPP5,"56,580원",1000047769701,(주)바바패션/(주)바바패션,베트남
[케네스레이디] (E598) 퍼프 슬리브 랩리본 원피스 (EWOPKH0400),"85,956원",1000068011107,(주) 라인 바이린/(주) 라인 바이린,중국
V넥 심플 원피스(LGOPKE9400),"91,290원",1000043409013,(주)테난/(주)태진케이에스,중국
캉캉 미니 원피스 (AM2WO580),"34,222원",1000065473026,(주)LAP/(주)LAP,중국
[쥬시쥬디] 전판 프린트 스모킹 원피스 JUOP12HA,"29,640원",1000040659488,(주)티비에이치글로벌/080-545-6860 (주)티비에이치글로벌,중국
퍼프 벨티드 플로럴 원피스(OP-5179),"54,047원",1000049967001,(주)바이와이제이/(주)바이와이제이,중국
벌른소매 롱원피스 (AL2WO447),"34,047원",1000044707935,(주)LAP/해당사항 없음,한국
스퀘어넥 퍼프 벨티드 원피스(OP-5486),"54,047원",1000065561839,(주)바이와이제이/(주)바이와이제이,중국
[Air cotton] 셔링 셔츠원피스 (2colors) TMOWA37W12,"41,280원",1000065565075,(주)이랜드월드/(주)이랜드월드,스리랑카
벨티드 셔츠 원피스 Z212MSE106,"164,449원",1000068965007,(주)대현/해당사항 없음,한국
줄라이 플라워 프린팅 롱 원피스 7210337014146,"299,000원",1000059153254,신세계인터내셔날/신세계인터내셔날,중국
모던 브이 스트랩 원피스S(OP-4451),"21,891원",1000034362717,㈜바이와이제이/(주)바이와이제이,중국
라운드넥 캉캉 원피스 (AM2WO586),"27,238원",1000068208923,(주)LAP/(주)LAP,중국
컬러배색 스모킹 티어드 원피스(PM2WO508),"65,682원",1000066645599,(주)제이씨패밀리/(주)제이씨패밀리,중국
플라워 프린트 벨티드 원피스 (SWWOPK23030),"40,120원",1000066902052,㈜인동에프엔/㈜인동에프엔,베트남
[라인어디션] (N755) 시스루 쉬폰 카라 원피스 (NWOPKG0500),"76,323원",1000067221816,(주) 린컴퍼니/(주) 린컴퍼니,중국
버튼 포인티드 카라 니트 원피스(OP-4378),"38,381원",1000033578736,㈜바이와이제이/(주)바이와이제이,중국
[지컷21S/S]하트 프린트 원피스(7251237018),"94,139원",1000064883645,(주)성현인텨내셔널/(주)신세계인터내셔날,중국
21SS 가오리핏 사선 플라켓 폴로 원피스 EF401E-51G 056,"243,567원",1000066633906,동일드방레/해당사항 없음,한국
[JOHNNY HATES JAZZ] POCKET MINI DRESS (JS21-D008-BK),"295,800원",1000064265172,JOHNNYHATESJAZZ/해당사항 없음,한국
프릴 포인트 실비아 쉬폰 원피스 ENOW12401N,"45,784원",1000065402855,㈜이앤씨 월드/해당사항 없음,한국
린 옆라인플리츠포인트원피스LGOPKG9200,"79,935원",1000048381182,(주)테난/(주)테난,중국
엠버 그래픽 져지원피스 (JVOP322N),"60,192원",1000067228720,(주)티비에이치글로벌/(주)티비에이치글로벌,중국
DB_ 레코브 플레어데님원피스 (SB41A3D0001X),"54,692원",1000066344789,주식회사 와이엠인터내셔널 (W몰)/해당사항 없음,기타
[SATIN] [나나 착용]멀티 프린팅 플리츠원피스 S212B659-40.,"210,912원",1000069010219,(주)와이에스콜렉션/해당사항 없음,기타
파셜 플리츠 카라 롱 원피스 7251237009140,"159,000원",1000063877873,신세계인터내셔날/신세계인터내셔날,중국
[케네스레이디] (E598) 스퀘어넥 더블버튼 슬림원피스 (EWOPKG0900),"76,323원",1000050992208,(주)라인바이린/(주)라인바이린,중국
볼륨 벨티드 셔츠 원피스 7150237102169,"79,936원",1000059092623,신세계인터내셔날/신세계인터내셔날,중국
21SS 플리츠 디테일 셔츠 원피스 EF0227-51G 166,"313,407원",1000064107113,동일드방레/동일드방레,터키
자수 레이스 원피스 ENOW81246O,"8,643원",1000068177890,㈜이앤씨 월드/㈜이앤씨 월드,중국
스카프 원피스(LGOPKD9100),"61,830원",1000042850832,9주)테난/(주)태진케이에스,중국
쿨피스 헴라인 변형 원피스 (T214MOP297W),"182,370원",1000068912526,(주)지엔코/(주)지엔코,중국
페미닌 실버단추 데님 원피스 M2104OP604B_P302563796,"29,780원",1000064643118,모리스커밍홈/판매자 문의,상세설명참조
소매 퍼프 롱 원피스(GL5N0OP53),"40,590원",1000065388944,(주)바바패션/(주)바바패션,중국
[라인어디션](N753) 벨티드 랩 플레어 원피스(NGOPLD9700),"179,000원",1000068138869,(주)린 컴퍼니/(주)린 컴퍼니,중국
옆슬릿 카라원피스(CK6E0OP64),"71,200원",1000044491062,(주)바바패션/(주)바바패션,중국
스퀘어 스트랩 스모킹 원피스(OP-4429),"28,116원",1000033955052,㈜바이와이제이/(주)바이와이제이,중국
라운드 진주넥 원피스 ENOW81144O,"8,643원",1000068177608,㈜이앤씨 월드/㈜이앤씨 월드,중국
프론트 리본 스트링 원피스(JC11137103),"84,816원",1000069210358,신세계인터내셔널/해당사항 없음,한국
고방 체크 퍼프소매 원피스(GL5N0OP48),"40,590원",1000068527475,(주)바바패션/(주)바바패션,중국
리본 소매 벨티드 원피스 7210237707103,"229,000원",1000049827574,신세계인터내셔날/신세계인터내셔날,중국
[로엠] WY 스퀘어넥 슬림 원피스 - RMOW925R12_39,"19,104원",1000065913447,(주)인터파크/해당사항 없음,기타
카라 포인트 브이넥 원피스 7210337003103,"259,000원",1000049827430,신세계인터내셔날/신세계인터내셔날,중국
쿨피스 미니기장 원피스 (T214MOP300W),"168,610원",1000068914614,(주)지엔코/(주)지엔코,중국
레이스 벨티드 원피스 S202C647-51,"82,685원",1000049933213,(주)와이에스콜렉션/해당사항 없음,기타
와일드 플라워 프릴 소매 원피스 (SWWOPK22020),"68,085원",1000049980870,㈜인동에프엔/㈜인동에프엔,베트남
숲 플라워 패턴 롱 원피스 (SW6OP80),"14,700원",1000050441972,준현/(주)동광인터네셔날,중국
브이넥 스트랩 린넨 원피스(OP-4453),"20,531원",1000033954992,㈜바이와이제이/(주)바이와이제이,중국
(LYNN/L448)칼라 벨트형원피스(LWOPJH0200),"548,000원",1000065618088,(주)테난/해당사항 없음,한국
티어드 셔츠 원피스 (MABBOP11M5),"78,400원",1000067542876,㈜퍼스트에프엔씨/해당사항 없음,한국
라코스테 미니 피케 반팔 원피스 EF8470,"101,501원",1000067184024,㈜GTC9/해당사항 없음,기타
[쥬시쥬디] 제천벨티드셔츠형원피스 JTOP326H,"15,200원",1000033568987,(주)티베에이치글로벌/(주)티비에이치글로벌 080-545-6860,중국
소매주름 원피스(LGOPKC9600),"66,930원",1000040534344,(주)테난/(주)태진케이에스,중국
모모원피스(CK3E0OP34),"71,200원",1000040094885,(주)바바패션/바바패션,중국
시수루 7부소매  원피스(LGOPKE9100),"82,690원",1000044682919,(주)테난/(주)태진케이에스,중국
[케네스레이디] (E565) 와이드카라 벨티드 원피스 (EGOPKG9600),"43,719원",1000068059122,(주)라인바이린/(주)라인바이린,중국
[라인어디션][N602]백스트랩 핀턱 롱 원피스(NWOPKG6000),"70,395원",1000066825921,(주)린컴퍼니/(주)린컴퍼니,중국
브이넥 롱 원피스 SAOPC7861,"191,040원",1000068830563,주베네통코리아/중국,중국
벨트포인트 주름 원피스(J212XSE005),"279,650원",1000066214484,(주)대현/라타크,중국
쿨피스 미니 기장 볼륨 원피스 (T214MOP298W),"150,170원",1000068913288,(주)지엔코/(주)지엔코,중국
[로엠] WY 스퀘어넥 슬림 원피스 - RMOW925R12_25,"19,104원",1000065913443,(주)인터파크/해당사항 없음,기타
스퀘어넥 캉캉 원피스LU21A5OP007X,"46,008원",1000065691584,(주)아이디조이/(주)아이디조이,베트남
언발 플라운스 하트 원피스 7251237018199,"149,000원",1000065675543,신세계인터내셔날/신세계인터내셔날,중국
[매긴나잇브릿지]밴딩 디테일 드레스_MKS1OP3200,"61,210원",1000065948150,(주)스타코퍼레이션/해당사항 없음,기타
보더믹스 티어드 미니 원피스 (T214MOP293W),"117,770원",1000065610602,(주)지엔코/(주)지엔코,중국
듀엘 니트 배색 플라워 레이스 원피스 (D203MSE011),"130,380원",1000068325157,(주)대현/해당사항 없음,한국
플라워 프린트 프릴 랩 원피스 (AM2WO470),"55,174원",1000066106639,(주)랩/(주)랩,중국
[라인](N604)배색 플리츠 디테일 원피스(NWOPLC02L),"110,409원",1000067389834,(주)린컴퍼니/(주)린컴퍼니,중국
라운드넥 포플린 원피스 06698584800,"119,000원",1000061389774,Massimo Dutti/마시모두띠코리아 유한회사,중국
야자수 프린트 프릴 롱 원피스 ENOW02741W,"100,104원",1000065070546,㈜이앤씨 월드/해당사항 없음,한국
스칼럽 레이스 원피스(OP-4003),"44,153원",1000032115950,㈜바이와이제이/(주)바이와이제이,중국
타임리스 스트라이프 벨티드 원피스_P302013831,"31,968원",1000063909442,쉬즈미스/판매자 문의,상세설명참조
플라워패턴 언발프릴쉬폰원피스S212B670A46,"204,135원",1000063581155,(주)모다이노칩 전주김제점/해당사항 없음,기타
[라인](N604)비대칭 네크라인 H라인 원피스(NWOPKG04L),"64,467원",1000067658124,(주)린컴퍼니/(주)린컴퍼니,중국
[라인어디션](N753) 트위드 버튼 원피스(NWOPKD1301),"299,000원",1000068138823,(주)린 컴퍼니/해당사항 없음,한국
레이스패치 주름배색 롱 원피스(PM2WO482),"117,342원",1000065866524,(주)제이씨패밀리/(주)제이씨패밀리,중국
[로엠] WY 깅엄 데이트 원피스 - RMOW926R23_25,"15,264원",1000065913387,(주)인터파크/해당사항 없음,기타
유니크 패턴 스모킹 원피스(OP-5646),"50,914원",1000065715039,(주)바이와이제이/(주)바이와이제이,중국
[잇미샤]투웨이 주얼버튼 원피스(ITL5WOP780),"263,200원",1000065696657,(주)시선인터내셔널/(주)시선인터내셔널,중국
[로엠] WY 루즈핏 셔츠형 원피스 - RMOW912R21_64_C6P5,"19,104원",1000063238634,(주)인터파크/해당사항 없음,기타
셔링 퍼프 슬리브 원피스 7251237017199,"149,000원",1000062638968,신세계인터내셔날/신세계인터내셔날,중국
21SS 릴렉스핏 헤리티지 폴로 원피스  EF2302-51G 031,"252,297원",1000062483043,동일드방레/동일드방레,튀니지
EnC 요루 쉬폰 원피스 ENOW93845W,"100,104원",1000049941221,㈜이앤씨 월드/해당사항 없음,한국
[로엠] WY 플라워 쉬폰 미니 원피스 - RMOW924RQ8_36,"19,104원",1000065913465,(주)인터파크/해당사항 없음,기타
플라워 패턴 롱 원피스 (SWWOPK21260),"37,485원",1000048997654,(주)인동에프엔/(주)인동에프엔,베트남
(N753) 레이어링 잔체크 벨티드 원피(NWOPKG6100),"249,000원",1000052346702,(주)린컴퍼니/(주)린 컴퍼니,중국
[BCBG]카라 턱 H라인 원피스 B0F7O676,"63,325원",1000051534024,㈜수인터내셔날/㈜수인터내셔날,중국
듀엘 브이넥 셔츠형 롱원피스(D212MSE053),"327,180원",1000064038285,(주)대현/해당사항 없음,한국
핫핑 [LOVB] L-981 스퀘어넥 롱원피스 H_OPS10157,"34,800원",1000049836140,핫핑/해당사항 없음,한국
투포켓 슬리브리스 원피스 9109341533049,"219,000원",1000035935592,신세계톰보이/해당사항 없음,한국
쉬즈미스 더블 카라 벨티드 원피스 swwopk21490,"52,109원",1000065944604,(주)엔터식스패션쇼핑몰/해당사항 없음,기타
(LYNN/L448)랩원피스(LWOPJG0600),"698,000원",1000065470417,(주)테난/해당사항 없음,한국
소매프릴 랩 원피스 (AM2WO485),"41,206원",1000064753712,(주)LAP/(주)LAP,중국
보더믹스 도트 롱 원피스 (T212MOP148W),"175,770원",1000061204247,(주)지엔코/(주)지엔코,중국
살랑이는 꽃처럼 라운드 롱 원피스(mops1429),"22,791원",1000048789185,드레스날다/해당사항 없음,기타
[라인](N604)커브 라인 핀턱 슬리브 원피스(NWOPKE66L),"76,323원",1000064067356,(주)린컴퍼니/해당사항 없음,한국
(DL4WOP11)아지OPS,"32,000원",1000065506584,(주)패션랜드/(주)패션랜드,중국
새틴 드레스 다크 블루/패턴,"29,900원",1000050199516,H&M/H&M Co.Ltd,인도
[시흥점] 스트라이프 롱니트 원피스 (EK2KO560),"278,000원",1000048091938,(주)준크리에이션/해당사항 없음,한국
★김나영 픽!★ 10;gude_리넨 볼륨 원피스 TMT1357001056,"199,000원",1000064918761,신세계인터내셔날/신세계인터내셔날,중국
스티치 뷔스티에 원피스(LU41A6OP018X),"39,412원",1000066636217,(주)아이디조이/해당사항 없음,한국
박시핏 캉캉원피스 (AM2WO481),"54,214원",1000065031744,(주)LAP/(주)LAP,중국
언발 플리츠 포인트 코튼 원피스 7259337001237,"129,000원",1000035391802,신세계인터내셔날/신세계인터내셔날,중국
패턴디자인 카라 원피스 O201T654-60,"69,064원",1000044435383,㈜영흥/ 070-7606-3322,중국
티어드 시어서커 원피스 (PM2WO567),"64,780원",1000068372909,(주)제이씨패밀리/(주)제이씨패밀리,중국
숲 플라워 프린트 롱 원피스 (SX4OP8F),"41,400원",1000065099341,(주)동광인터네셔날/(주)동광인터네셔날,중국
플라워 자수 밴딩 셔링 OPS (AM2WO443),"48,190원",1000064604369,(주)랩/(주)랩,중국
롱기장의 솔리드 원피스 (T214MOP260W),"198,210원",1000065610250,(주)지엔코/(주)지엔코,중국
브로드리 앙글레즈 드레스 크림색,"29,900원",1000049523354,H&M/H&M Co.Ltd,중국
[케네스레이디] (E598) 더블버튼 언밸런스 플리츠 원피스 (EWOPLA0900),"144,718원",1000067138595,(주)라인바이린/(주)라인바이린,중국
[라인어디션](N753) 카라 포인트 플레어 원피스 (NGOPKH9700),"82,251원",1000064841138,(주)린컴퍼니/(주)린 컴퍼니,베트남
스퀘어넥 볼륨소매 데님 원피스(PM2DO603),"81,180원",1000069240960,(주)제이씨패밀리/(주)제이씨패밀리,중국
[Thursday Island] 여성 스모킹 네크 체크 미니 원피스(T194MOP231W),"71,108원",1000065153254,주식회사 위즈원/해당사항 없음,기타
V넥 버튼 플레어 데님원피스 (AM2DO441),"60,237원",1000068952881,(주)LAP/(주)LAP,중국
해지 플레어 롱 원피스(BAOPF1131),"125,874원",1000067441591,베네통코리아/베네통코리아,중국
스프링 레이스 원피스(OP-4004),"44,153원",1000032225332,㈜바이와이제이/(주)바이와이제이,중국
[로엠] WY 솔리드 핏 플레어 원피스 - RMOW926RQ1_25,"17,184원",1000065913381,(주)인터파크/해당사항 없음,기타
(LYNN/L448)바이어스 기본 원피스(LWOPJG0400),"538,000원",1000065478597,(주)테난/해당사항 없음,한국
텐먼스 미니멀 슬릿 원피스 TMT1317002081,"159,000원",1000064725591,신세계인터내셔날/신세계인터내셔날,중국
[라인](N604)스퀘어 버튼 린넨 원피스(NWOPKH03L),"73,359원",1000067823242,(주)린컴퍼니/(주)린컴퍼니,중국
DB_ 레코브 배색 반팔 원피스 (LU31A5OP520X-BK),"42,221원",1000065190475,주식회사 와이엠인터내셔널 (W몰)/해당사항 없음,기타
뒷슬릿포인트프린트저지원피스 JVOP326Q,"52,668원",1000064077704,(주) 티비 에이치 글로벌/(주) 티비 에이치 글로벌,중국
[로엠] WY 린넨 스트라이프 셔츠형 원피스 - RMOW926R11_39,"15,264원",1000065913521,(주)인터파크/해당사항 없음,기타
[케네스레이디] (E565) 플라워버튼 플레어 원피스 (EWOPLD1700),"139,698원",1000068046202,(주)라인바이린/(주)라인바이린,중국
이엔씨(ENC)ENKT12593O카라니트,"32,199원",1000067370554,(주)모다이노칩 김천구미점/해당사항 없음,기타
쥬시 팜트리 세일러 카라 원피스 JC10237113146,"279,000원",1000048884368,신세계인터내셔날/신세계인터내셔날,중국
쉬즈미스 NC06 벨티드 코튼 원피스 SWWOPK21180 (5736126),"104,640원",1000050572767,(주)셀러허브/해당사항 없음,기타
21SS 레이스 조직 폴로 원피스 EF1841-51G FYQ,"295,947원",1000062485427,동일드방레/동일드방레,중국
[콜라보토리/BCAMA4036M]  비대칭 피케 원피스 (2color),"100,926원",1000044862058,(주)앤디앤뎁/해당사항 없음,한국
V넥 롱 드레스 화이트,"59,900원",1000049510414,H&M/H&M Co.Ltd,중국
[SATIN] [온라인단독][나나착용]플라워 패턴 머메이드 원피스 O211T601-41,"112,320원",1000065608852,㈜와이에스콜렉션/㈜와이에스콜렉션,중국
글로시 드로스트링 후드 원피스 7251137004134,"159,000원",1000061372812,신세계인터내셔날/신세계인터내셔날,중국
E542 잔체크 플레어 벨티드 원피스 EWOPKH0500,"64,467원",1000067946398,(주)라인바이린/(주)라인바이린,중국
언발 밑단 셔츠 원피스 7220237681103,"149,400원",1000048315017,신세계인터내셔날/신세계인터내셔날,중국
새틴 V넥 드레스 라이트 베이지/오렌지 패턴,"59,900원",1000049728821,H&M/H&M Co.Ltd,조지아
벌룬데님원피스TP2035012,"30,327원",1000055326961,M&S/해당사항 없음,기타
[HSDR-1B471] 헤지스레이디스 단색 소재배색 반팔 스트링 라운드넥 원피스,"159,200원",1000068034157,LF/해당사항 없음,한국
[로엠] WY 레이스 카라 퍼프소매 원피스 - RMOW837R11_25_P6J6,"9,504원",1000049146649,(주)인터파크/해당사항 없음,기타
[매긴나잇브릿지]후드 플리츠 드레스_MKM1OP3010,"92,736원",1000065869871,(주)스타코퍼레이션/해당사항 없음,기타
칼라넥 플리츠 원피스(LGOPKF9700),"99,530원",1000045265773,(주)테난/(주)재아,중국
뷔스티에 플리츠 원피스 (AM1WO240),"38,631원",1000060985644,(주)LAP/(주)LAP,중국
[데이즈] 데일리원피스 롱,"25,900원",1000062242680,세인/(주)신세계인터내셔날,베트남
[로엠] WY 오드리 프릴 자켓 원피스 - RMOW926Y12_59,"13,344원",1000065913375,(주)인터파크/해당사항 없음,기타
CK6E0OP62 (루시원피스)J,"118,150원",1000044769521,(주) 바바패션/(주) 바바패션,중국
 프린트 믹스 조직 원피스 BAOP51931 PK_P092209766,"57,312원",1000060417103,베네통/판매자 문의,상세설명참조
[made by LAP] V넥 크리즈잔체크 쿨 원피스 (AM2WO571),"68,967원",1000068236751,(주)LAP/(주)LAP,중국
[라인어디션] (N755) 오프숄더 체크 롱 원피스 (NWOPKH6400),"76,323원",1000067445749,(주) 린컴퍼니/해당사항 없음,한국
스티링원피스/ENOW12591O,"65,223원",1000066120882,(주)모다이노칩 전주김제점/해당사항 없음,기타
플라워랩원피스(EL2EO200),"62,784원",1000051422115,(주)모다이노칩 대구점/해당사항 없음,기타
[로엠] WY 린넨 스트라이프 자켓형 원피스 - RMOW925R31_25,"19,104원",1000065913430,(주)인터파크/해당사항 없음,기타
[라인어디션] (N755) 언발 절개 원피스 (NWOPLB1700),"91,884원",1000067222526,주)린컴퍼니/주)린컴퍼니,중국
보브 티셔츠 배색 플레어 원피스(7151237506),"127,200원",1000065445667,신세계인터내셔날/해당사항 없음,한국
시어서커 원피스 7150237509142,"97,102원",1000059092757,신세계인터내셔날/신세계인터내셔날,중국
[21SS] 프린트 새틴 원피스 JNS21NJ,"445,470원",1000059788282,MAJE/㈜아이디룩/㈜아이디룩,기타
브이넥 플로럴 미니 원피스(OP-5145),"38,381원",1000048689483,(주)바이와이제이/(주)바이와이제이,중국
리본 H라인원피스(LGOPJL9500),"41,910원",1000038396604,(주)테난/(주)태진케이에스,중국
(E504)[케네스레이디] 셔링넥 플레어 원피스(EGOPKI9800),"46,683원",1000067449983,(주)라인 바이린/(주)라인 바이린,중국
[로엠] WY 허리리본 뷔스티에 원피 - RMOW925R22_25,"15,264원",1000065913505,(주)인터파크/해당사항 없음,기타
PM2WO061 반팔 스퀘어 프릴원피스,"52,167원",1000069360743,(주)모다이노칩 전주김제점/해당사항 없음,기타
트위드 미니 원피스(AM2KO460),"62,158원",1000066945443,(주)LAP/해당사항 없음,한국
[로엠] WY 리조트 나염 민소매 롱원피스 - RMOW926R31_35,"19,104원",1000065913489,(주)인터파크/해당사항 없음,기타
카키 스티치 스트랩 셔츠 원피스 (BF9771C10H),"132,264원",1000035368258,삼성물산 패션부문/해당사항 없음,한국
[로엠] WY 슈가 플라워 원피스 - RMOW926Y16_75,"11,424원",1000065913370,(주)인터파크/해당사항 없음,기타
스퀘어프린트롱원피스(SAOP82931),"71,200원",1000067419187,주베네통코리아/중국,중국
코튼 후디 롱원피스 9171141997086,"79,000원",1000060081669,신세계인터내셔날/신세계인터내셔날,중국
DB_ 제이케이 이중프릴핀턱데님원피스 (JL6DO1001B),"36,317원",1000069048829,주식회사 와이엠인터내셔널 (W몰)/해당사항 없음,기타
[Thursday Island] 여성 에스틱 패턴물 미니 원피스(T194MOP251W),"80,602원",1000065153216,주식회사 위즈원/해당사항 없음,기타
린넨리본반팔원피스( CFB-OP180W6),"29,155원",1000065432316,(주)코데즈컴바인/해당사항 없음,한국
듀엘 라인 민소매원피스(D202MSE061),"161,909원",1000064505538,(주)대현/해당사항 없음,한국
★특가★베이지 시어서커 랩 셔츠 원피스 (BF0371C01A),"173,765원",1000043209430,삼성물산 패션부문/삼성물산 패션부문,중국
단추포인트 카라넥 원피스(LGOPKA9800),"63,948원",1000038713221,(주)테난/(주)태진 케이에스,중국
[로엠] WY 도트 미니플레어 원피스 - RMOW838G21_19_U5Y1,"16,416원",1000049146634,(주)인터파크/해당사항 없음,기타
베리 여성 브이넥 쉬폰 플라워 롱원피스,"28,176원",1000066152802,바비수아/해당사항 없음,기타
[SATIN] [온라인단독] 플라워 패턴 프릴 롱 원피스 O211T669-57,"55,080원",1000065694771,㈜와이에스콜렉션/㈜와이에스콜렉션,중국
배색 레이어드 플레어 원피스 7250337012199,"149,000원",1000051657447,신세계인터내셔날/신세계인터내셔날,중국
PM2WO961 빅카라 주름 원피스,"86,688원",1000065578781,(주)모다이노칩 대전점/해당사항 없음,기타
(E598) 오픈카라 스트라이프 벨티드원피스 (EWOPKH0300),"79,287원",1000049457877,(주)라인바이린/(주)라인바이린,중국
베이직 5부 원피스 EPOPM021011,"60,000원",1000068192004,플리츠미/플리츠미,중국
[SET]라운드 기본 티셔츠+프린트 뷔스티에 원피스 (PM2WO566),"50,922원",1000066734907,(주)제이씨패밀리/(주)제이씨패밀리,중국
[라인어디션][N602]랩 스타일 스트랩 원피스(NWOPKH6000),"73,359원",1000066826208,(주)린컴퍼니/(주)린컴퍼니,중국
 펀칭 레이스 원피스 SAOP02841 LB_P082018715,"87,936원",1000049991985,시슬리/판매자 문의,상세설명참조
PL2WO535 레이스 플라워 반팔세트 원피스,"31,162원",1000069697242,(주)모다이노칩 전주김제점/해당사항 없음,기타
[로엠] WY 레이스 매칭 플레어 원피스 - RMOW838R15_19_H8Q9,"16,416원",1000049146626,(주)인터파크/해당사항 없음,기타
[made by LAP] 빅카라 레이스디테일 도트원피스 (AM2WO476),"55,174원",1000066453456,(주)LAP/(주)LAP,중국
[VIVID SG] 러블리 플라워 쉬폰 플리츠 원피스 VS116008,"63,677원",1000058289847,엠엠씨/해당사항 없음,기타
체크플라워패턴원피스LU61A5OP539B,"46,008원",1000068991301,(주)아이디조이/(주)아이디조이,중국
프린트 반팔 롱 원피스 (EL3WO764),"159,200원",1000051090743,(주)아이올리/중국,중국
피크드 카라 더블버튼 원피스(NGOPKH9800),"82,251원",1000065066031,(주)린컴퍼니/(주)린컴퍼니,중국
쉬즈미스 벨티드 심플 원피스 SWWOPK31050,"113,050원",1000064516239,(주)엔터식스패션쇼핑몰/해당사항 없음,기타
쉬폰 플로럴 언발 원피스(GK6M0OPW3),"62,100원",1000045562828,(주)바바패션/(주)바바패션,베트남
21SS 대나무 주름 원피스 EPOPM021005,"55,200원",1000068192006,플리츠미/플리츠미,중국
[난닝구]모와르 나염캉캉원피스,"32,636원",1000050462306,엔라인협력사/해당사항 없음,한국
벌룬 슬리브 드레스 네이비 블루,"23,900원",1000058420773,H&M/H&M Co.Ltd,인도네시아
프린트 러플 랩 미니 원피스(OP-5135),"29,188원",1000051958543,(주)바이와이제이/(주)바이와이제이,중국
(E504)[케네스레이디] 배색라인 잔체크 A라인 원피스(EGOPKH9400),"49,647원",1000067449669,(주)라인 바이린/(주)라인 바이린,중국
쉬폰 플라워 원피스 ENOW81243W,"8,643원",1000068178011,㈜이앤씨 월드/해당사항 없음,한국
보브 레터링 리본 타이 원피스 (7151237504),"100,080원",1000065069780,위앤파트너스/신세계인터내셔날,중국
S 롤리페이즐리 OP(B1M5O690),"135,150원",1000063139452,(주)수인터내셔날/(주)수인터내셔날,중국
리오셀 블렌드 롱 드레스 라이트 베이지/옐로 패턴,"69,900원",1000049515226,H&M/H&M Co.Ltd,터키
바이올렛 여성 루즈핏 플라워 반팔 롱원피스,"27,380원",1000049163823,바비수아/해당사항 없음,기타
[코데즈컴바인 여성] 단가라 반팔 셔링 레이어드 원피스 CGB-TO604W4,"40,670원",1000064997223,(주)코데즈컴바인/해당사항 없음,한국
언발주름 슬리브리스 원피스(PM2WO462),"40,180원",1000065416843,(주)제이씨패밀리/(주)제이씨패밀리,중국
온앤온 벨티드 플레어 원피스 JW0AO140,"75,690원",1000067231911,보끄레머천다이징/보끄레머천다이징,상세설명참조
[벨트set]모던와이드슬리브플레어원피스,"57,408원",1000052300554,(주)와이티드림/해당사항 없음,기타
러플 브이넥 쉬폰 원피스 JC10137104146,"259,000원",1000040622766,신세계인터내셔날/신세계인터내셔날,중국
술 장식 스트링 원피스 7210237006110,"299,000원",1000049827447,신세계인터내셔날/신세계인터내셔날,중국
코튼 잔체크 훌 원피스 (AL2WOE62),"30,905원",1000044057687,(주)LAP/(주)LAP,중국
[케네스레이디] (E598) 퍼프숄더 더블버튼 원피스 (EWOPKG1000),"70,395원",1000050992360,(주)라인바이린/(주)라인바이린,중국
라운드 핏앤플레어 니트 원피스(OP-4808),"58,747원",1000040383670,(주)바이와이제이/(주)바이와이제이,중국
[Thursday Island] 여성 보더포인트 비치 드레스(T194MOP238W),"81,700원",1000066386572,성양복장/지앤코,중국
V넥 드레스 라이트 베이지,"48,900원",1000049729203,H&M/H&M Co.Ltd,터키
향기플라워 여성 간절기 브이넥 쉬폰 롱원피스,"31,709원",1000068138416,바비수아/해당사항 없음,기타
듀엘 시스루플라워 플리츠쉬폰원피스(D202MSE032),"161,868원",1000065880744,(주)대현/(주)대현/HI가먼트코리아,중국
스모킹 프릴원피스(IL4P0OP79-470),"76,042원",1000066836302,(주)모다이노칩 대전점/해당사항 없음,기타
러블리트리밍머메이드원피스 MTBAWO4220 MD,"118,887원",1000062182379,(주)모다이노칩 충주점/해당사항 없음,기타
[OZOC] 넥 러플 패턴 원피스 FONFCOV539M,"16,128원",1000061535117,주식회사 대명월드패션/해당사항 없음,기타
[케네스레이디] (E598) 언발버튼 리본벨트 원피스 (EGOPKF9309),"54,834원",1000062778349,(주)라인바이린/(주)라인바이린,베트남
시스루 배색 니트 원피스(IL4N1OP88390),"58,954원",1000065721335,(주)모다이노칩 대전점/해당사항 없음,기타
플리츠 포인트 슬리브리스 원피스 (9199241029),"76,480원",1000068918294,신세계톰보이/신세계톰보이,중국
PM2D061 심플 데님 원피스,"66,240원",1000068669321,(주)모다이노칩 대전점/해당사항 없음,기타
21SS 릴랙스핏 베이직 폴로 원피스 EF501E-51G 166,"217,377원",1000065853689,동일드방레/해당사항 없음,한국
레코브  이다전략 벨트 원피스 LU6107OP530J,"27,274원",1000065362449,(주)모다이노칩 전주김제점/해당사항 없음,기타
DB_ 보브 스퀘어넥 페미닌원피스 (7151237508),"154,656원",1000069048905,주식회사 와이엠인터내셔널 (W몰)/해당사항 없음,기타
[21SS] V넥 셔링 롱 원피스 SNS2168,"509,000원",1000068372393,SANDRO/㈜아이디룩/㈜아이디룩,튀니지
웨이스트 리본 링클 원피스 7251137006103,"159,000원",1000062370976,신세계인터내셔날/신세계인터내셔날,중국
[로엠] WY 넥배색 리본 슬림핏 원피스 - RMOW925RS2_59,"19,104원",1000065913421,(주)인터파크/해당사항 없음,기타
샤 스커트 패치 저지 원피스 (JVOP322C),"82,935원",1000069298369,(주)티비에이치글로벌/(주)티비에이치글로벌,중국
네이비 시어서커 볼륨 보트넥 원피스 (BF0371O15R),"210,118원",1000065247679,삼성물산 패션부문/해당사항 없음,한국
KARRA 금사펄배색라인플레어원피스_KB1MOP082C,"22,772원",1000069203255,주식회사 비엔비인터내셔널/해당사항 없음,기타
카라 디자인 민소매 원피스 O201T653-25,"82,877원",1000045160525,㈜영흥/ 070-7606-3322,중국
와이드 카라 봄 데일리 원피스 7251137008199,"159,000원",1000061258341,신세계인터내셔날/신세계인터내셔날,중국
시스루 잔 프린트 지퍼 원피스  SAOAG2589 _P301408769,"56,448원",1000064094832,씨/판매자 문의,상세설명참조
레오파드 레이어드 니트 원피스 7120250104146,"249,500원",1000048476530,신세계인터내셔날/신세계인터내셔날,베트남
[파주점] [지스튜디오]21SS 뉴시그니처 원피스(80094942001),"89,100원",1000067216515,베네트홀딩스/베네트홀딩스,베트남
셔츠형 패턴 원피스 (T214MOP286W),"183,090원",1000065321704,(주)지엔코/(주)지엔코,중국
3층올리비아로렌 NC06 체크플레어 원피스 VVCOAWM4142 (6871658),"74,592원",1000065908981,(주)셀러허브/해당사항 없음,기타
브이넥 핏앤 플레어 배색 니트 원피스(OP-4916),"54,047원",1000045232273,(주)바이와이제이/(주)바이와이제이,중국
스퀘어넥 단추 벨티드 원피스  Z203MSE003,"100,620원",1000052667715,(주)대현/해당사항 없음,한국
[로엠] WY 스퀘어넥 슬림 원피스 - RMOW925R12_50,"19,104원",1000065913442,(주)인터파크/해당사항 없음,기타
체크 원피스 (MABAOP07M2),"33,320원",1000061028614,㈜퍼스트에프엔씨/해당사항 없음,한국
[파주점] [에셀리아]21SS 시어서커 체크원피스+벨트(80096124002),"68,850원",1000066572313,우인어패럴/우인어패럴,중국
오버핏 카라 배색 니트 원피스(OP-5495),"50,914원",1000065625426,(주)바이와이제이/(주)바이와이제이,중국
노랑나비 반팔원피스 S212B659A40,"189,821원",1000065473567,(주)모다이노칩 전주김제점/해당사항 없음,기타
보더 패턴 프릴 원피스 (T214MOP240W),"182,310원",1000065146285,(주)지엔코/(주)지엔코,중국
KARRA 토스주름원피스+벨트SET_KB0MOP026A,"44,612원",1000045076872,주식회사 비엔비인터내셔널/해당사항 없음,기타
엔젤 러플 원피스,"46,105원",1000044127210,인디브랜드/해당사항 없음,한국
T22B3TDR112WT1 코튼 보일 핏 앤 플레어 원피스,"255,000원",1000069751275,TOMMY HILFIGER/(주)한섬,인도
리넨 블렌드 드레스 블랙,"25,900원",1000049525731,H&M/H&M Co.Ltd,캄보디아
[made by LAP] 우븐배색 아노락 원피스( AM1WO267),"51,726원",1000062084408,(주)LAP/(주)LAP,중국
옆트임 롱 후드 원피스,"17,021원",1000050189954,주식회사씨쓰리글로벌(C3 Global)/해당사항 없음,기타
셔링 포인티드 플로럴 원피스(OP-5142),"36,938원",1000045971318,(주)바이와이제이/(주)바이와이제이,중국
[JAJU/자주] 올데이 코튼 반팔 원피스_BLACK,"25,900원",1000059746847,(주)신세계인터내셔날/(주)신세계인터내셔날,베트남
[로엠] WY 린넨 플레어 롱 뷔스티에 원피스 - RMOW826RQ2_25_X1R9,"14,304원",1000048453891,(주)인터파크/해당사항 없음,기타
네이비 시어서커 랩 셔츠 원피스 (BF0371C01R),"189,605원",1000043209359,삼성물산 패션부문/삼성물산 패션부문,중국
[Thursday Island] 여성 변형 러플 체크 원피스(T194MOP257W),"85,344원",1000065153208,주식회사 위즈원/해당사항 없음,기타
브이넥 쉬폰 원피스 JAAU6-COP521,"57,312원",1000068548152,NC 강서점/해당사항 없음,기타
[VOV]보브 파라 레이어드 플리츠 원피스(7120337502),"207,600원",1000070012985,(주)신세계인터네셔날/(주)신세계인터네셔날,중국
멀티 패턴 슬리브리스 원피스(OP-4489),"10,637원",1000034677870,㈜바이와이제이/(주)바이와이제이,중국
플라워자수 원피스(LU61A6OP534X),"52,604원",1000068574688,(주)아이디조이/(주)아이디조이,중국
시어서커 벨티드 원피스 (SWWOPK21470),"48,450원",1000048512966,(주)인동에프엔/(주)인동에프엔,베트남
브이 나염 원피스(OCBFGOP01),"21,456원",1000068745672,주)더주하/주)더주하,중국
아일렛 돌먼 슬리브 원피스(OP-5035),"37,103원",1000048332438,(주)바이와이제이/(주)바이와이제이,중국
리오셀 블렌드 셔츠 드레스 화이트,"34,900원",1000068668381,H&M/H&M Co.Ltd,중국
쥬시쥬디 세일러카라 셔링원피스_ JVOP326O,"100,128원",1000065979971,(주)엔터식스패션쇼핑몰/해당사항 없음,기타
듀엘 V넥 소매 스트링 플라워 원피스 (D204MSE039),"165,718원",1000061786486,(주)대현/해당사항 없음,한국
A라인 배색 원피스(LU31A5OP520X),"37,927원",1000064496385,(주)아이디조이/(주)아이디조이,중국
스트링 민소매 주름 원피스 PPOPM120033,"67,150원",1000050224271,플리츠미/플리츠미,중국
랩 디테일 플레어 원피스 (GK5M0OPT2),"62,100원",1000065385654,(주)바바패션/(주)바바패션,베트남
꼬임 셔츠 원피스 (AM2WO480),"48,190원",1000064760444,(주)LAP/(주)LAP,중국
H라인 7부 원피스 EPOPM021002,"52,400원",1000061841218,플리츠미/플리츠미,중국
[부산점] [온앤온] 카라넥 플리츠 롱 원피스 (JW1MO311),"299,000원",1000064049621,(주)보끄레머천다이징/(주)보끄레머천다이징,중국
이프네 벚꽃엔딩원피스(DL4WOP08),"32,760원",1000064855353,(주) 패션랜드/해당사항 없음,한국
[라인](N604)배색 카라 더블버튼 원피스(NWOPLB09L),"91,884원",1000067416335,(주)린컴퍼니/(주)린컴퍼니,중국
[JAJU/자주] 올데이 코튼 반팔 원피스_MINT,"25,900원",1000059746672,(주)신세계인터내셔날/(주)신세계인터내셔날,베트남
다이마루 배색 티어드원피스 LU31A7OP537X,"46,008원",1000070319825,(주)아이디조이/(주)아이디조이,중국
[조이너스] 플리츠 쉬폰 롱원피스 JAAU5-SOP310 (P001419632),"77,501원",1000066464552,마리오쇼핑주식회사/해당사항 없음,기타
유니크 라인 포인티드 니트 원피스(OP-4376),"38,381원",1000033610606,㈜바이와이제이/(주)바이와이제이,중국
셔츠형 데님원피스 (AM2DO443),"41,206원",1000067458300,(주)LAP/(주)LAP,중국
데님 코트 원피스 SNZ21N2,"557,070원",1000062769637,SANDRO/㈜아이디룩/㈜아이디룩,기타
고방체크 원피스 (AM2WO440),"27,238원",1000063984957,(주)LAP/해당사항 없음,한국
[21SS] 니트 원피스 JNM41K2,"482,670원",1000063941898,MAJE/㈜아이디룩/해당사항 없음,한국
단추포인트 원피스(LGOPKB9700),"52,268원",1000039883191,(주)테난/(주)재아,중국
패턴 보더 미니원피스 (T214MOP245W),"180,930원",1000064279316,(주)지엔코/(주)지엔코,중국
A라인 롱 원피스 (T214MOP231W),"251,100원",1000064365042,(주)지엔코/(주)지엔코,중국
[로엠] WY 체크 마이 러브 원피스 - RMOW925Y16_25,"13,344원",1000065913397,(주)인터파크/해당사항 없음,기타
(E542) 하프 플리츠 랩 원피스 EGOPKG9800,"77,805원",1000066289073,(주) 라인바이린/(주) 라인바이린,중국
린넨 와이드 원피스 (9100241995),"71,200원",1000039918466,(주)한올나래/(주)신세계톰보이,중국
T22B1TDR007WT1 면혼방 슬림핏 폴로 원피스,"195,000원",1000064104273,TOMMY HILFIGER/(주)한섬,베트남
[케네스레이디] (E565) 하프 프릴 플리츠 원피스 (EVOPLC0200),"92,664원",1000068040898,(주)라인바이린/(주)라인바이린,중국
J아일렛벨트플리츠믹스원피스 JVOP320E,"138,807원",1000065061497,㈜티비에이치글로벌/㈜티비에이치글로벌,중국
레이스 패턴 니트 원피스S(OP-4654),"24,118원",1000035107724,㈜바이와이제이/나인,중국
셔츠형 A라인 원피스 Z203MSE101,"80,100원",1000051620425,(주)대현/해당사항 없음,한국
[로엠] WY 솔리드 머메이드 원피스 - RMOW825RS1_59_Q6D6,"14,304원",1000048453905,(주)인터파크/해당사항 없음,기타
21S/S  코튼 후디 반팔롱원피스  9171241992,"63,200원",1000065364341,신세계인터내셔날/신세계인터내셔날,중국
PM2WO063 캐주얼 정장 마 원피스,"86,688원",1000067144539,(주)모다이노칩 대전점/해당사항 없음,기타
플라워 레이스 쉬폰 원피스 7150337510199,"125,300원",1000059085522,신세계인터내셔날/신세계인터내셔날,중국
CK6E0OP61(체크원피스),"71,200원",1000045525328,(주) 바바패션/중국,중국
DB_ 페이지플린 셔츠-뷔스티에 투피스 세트 (DF1ASET502AD),"62,564원",1000065998753,주식회사 와이엠인터내셔널 (W몰)/해당사항 없음,기타
[라인어디션] (N755) 브이넥 퍼프 더블버튼 원피스 (NGOPKF980),"46,683원",1000067213644,(주) 린컴퍼니/(주) 린컴퍼니,중국
PL2WO961 체크 브이넥 반팔 롱 원피스,"70,090원",1000063530114,(주)모다이노칩 전주김제점/해당사항 없음,기타
폴로 랄프 로렌 여성 패널 리넨 스커트(WMPOSKTNDR20006001),"369,000원",1000069055648,랄프로렌코리아 유한회사/랄프로렌코리아 유한회사,캄보디아
듀론 플리츠 뷔스티에 롱원피스,"15,792원",1000047802048,(주)엠앤리치/해당사항 없음,기타
[로엠] WY 오프숄더 원피스 - RMOW925Y12_39,"13,344원",1000065913407,(주)인터파크/해당사항 없음,기타
[GARDEN]보트넥 강연저지 원피스(PM2CO602),"64,780원",1000068497912,(주)제이씨패밀리/해당사항 없음,한국
[라인](N604)더블버튼 테일러드 A라인 원피스(NWOPLC15L),"114,855원",1000067413600,(주)린컴퍼니/(주)린컴퍼니,중국
 자수 아일렛 프릴 오프숄더 원피스 4BIK5V9T3 WH_P303426252,"54,432원",1000065611688,베네통/판매자 문의,상세설명참조
데님 롱셔츠 원피스,"21,024원",1000065451626,드레스허그/해당사항 없음,기타
브이넥 버튼 디테일 퍼프 원피스(GK5M0OPT4),"62,100원",1000045547515,(주)바바패션/(주)바바패션,베트남
셔링 포인트 배색 원피스 7210337007160,"259,000원",1000049827883,신세계인터내셔날/해당사항 없음,한국
[21SS] 스모킹 프린트 원피스 JNS2127,"436,170원",1000064517700,MAJE/㈜아이디룩/㈜아이디룩,중국
[여주점] 지스튜디오21SS시그니처원피스 80094942009,"63,200원",1000064006881,베네트홀딩스/상품상세설명 참조,베트남
주름포인트 롱 원피스 (EL3WO763),"130,380원",1000050523439,(주)아이올리/중국,중국
플로럴 아코디언주름 원피스S(OP-4821),"49,430원",1000040124037,(주)바이와이제이/(주)바이와이제이,중국
깅엄 체크 원피스 (MABAOP06M2),"55,250원",1000061028611,㈜퍼스트에프엔씨/㈜퍼스트에프엔씨,중국
매듭 포인트 브이넥 원피스 7210337002199,"249,000원",1000049827884,신세계인터내셔날/신세계인터내셔날,중국
[made by LAP] 카라 버튼 점프수트 (AM2WO464),"69,142원",1000065797285,(주)LAP/(주)LAP,중국
체크 스퀘어넥 원피스(OP-4272),"29,312원",1000033578743,㈜바이와이제이/(주)바이와이제이,중국
소매 볼륨 케이블 니트 원피스(OP-5505),"54,047원",1000065561866,(주)바이와이제이/(주)바이와이제이,중국
[21SS] 기퓌르 스케이터 원피스 JNS21NW,"482,670원",1000062066660,MAJE/㈜아이디룩/㈜아이디룩,중국
브이넥 벨티드 골드 버튼 비비드 원피스/SAOAD2551/SAO2551/sao2551,"49,335원",1000045760061,(주)모다이노칩 천안아산점/해당사항 없음,기타
라인 골지 니트 원피스,"114,276원",1000067215997,㈜인동에프엔/해당없음,중국
플라워 프린트 랩오버 프릴 원피스 (SWWOPK21140),"37,485원",1000048512018,(주)인동에프엔/(주)인동에프엔,베트남
[로엠] WY 도트 랩 원피스 - RMOW83801A_40_H5E8,"15,360원",1000049146636,(주)인터파크/해당사항 없음,기타
[쉬즈미스] 배스 솔리드 버튼다운 벨티드 원피스,"35,924원",1000064717438,패션지오(주)/해당사항 없음,기타
배색훌카라 프린트 반팔원피스 (AM2WO47C),"77,697원",1000068947799,(주)LAP/(주)LAP,중국
투피스스타일 원피스(LGOPKB9800),"63,948원",1000040063860,(주)테난/(주)재아,중국
[로엠] WY 스트라이프 셔츠 원피스 - RMOW926RQ4_50,"17,184원",1000065913516,(주)인터파크/해당사항 없음,기타
[라인어디션](N753) 페플럼 디테일 버튼 원피스(NGOPLC9700),"179,000원",1000065253155,(주)린컴퍼니/(주)린 컴퍼니,중국
E542 백 레이스 리본 벨티드 원피스 EWOPKG0500,"70,395원",1000067850115,(주) 라인 바이린/(주)라인바이린,중국
세일러 카라 맥시원피스(OP-4790),"35,826원",1000040863342,(주)바이와이제이/(주)바이와이제이,중국
리브드 니트 브이넥 원피스 06625855303,"159,000원",1000060337022,Massimo Dutti/마시모두띠코리아 유한회사,중국
올리브데올리브 셔츠형 코튼 원피스 OW1MO324,"133,440원",1000065320330,올리브데올리브/해당사항 없음,한국
언발란스 쿨 원피스 7250337005203,"149,000원",1000050803089,신세계인터내셔날/신세계인터내셔날,중국
러플 소매 파이톤 원피스 BBM5PNOP9110,"119,616원",1000066321004,NC 강서점/해당사항 없음,기타
온앤온 브이넥 벨트 원피스 NW9MO726,"48,714원",1000067231887,(주)보끄레머천다이징/(주)보끄레머천다이징,상세설명참조
메탈 버튼 써커 원피스(SAOP66031),"176,904원",1000066647107,베네통코리아/해당사항 없음,한국
[질스튜어트뉴욕 우먼][20SS]JSDR0B640IV  아이보리 스트랩 실크 반팔원피스 ,"343,998원",1000050909612,질스튜어트뉴욕 우먼/판매자 문의,상세설명참조
숲  데님 벨티드 원피스 (SX4OP89),"81,750원",1000064072945,(주)동광인터네셔날/(주)동광인터네셔날,중국
[JAJU/자주] 이지케어 리넨 스트링 반팔 원피스_KHAKI,"49,900원",1000062968135,(주)자오프로젝트/(주)자오프로젝트,베트남
시스루 쉬폰 카라 원피스(NWOPKG0500),"76,323원",1000063116321,(주)린컴퍼니/(주)린컴퍼니,중국
리넨 슬리브리스 원피스 9109341516048,"199,000원",1000035935603,신세계톰보이/신세계톰보이,중국
스트링라운드집업원피스 JVOP226B,"68,020원",1000064245360,티비에이치글로벌/티비에이치글로벌,중국
SS21 Sleeveless flare dress black,"148,770원",1000042828452,HAVE LESS/해당사항 없음,한국
후드 그래픽 롱 반팔 원피스 7120250101132,"120,357원",1000059092276,신세계인터내셔날/신세계인터내셔날,베트남
S 별린넨OP(B1M3O671),"143,650원",1000061729119,수인터내셔날/수인터내셔날,중국
프린트 원피스 SW7OPS3,"26,909원",1000063796962,(주)모다이노칩 천안아산점/해당사항 없음,기타
[SATIN] 프린트 벨트 티어드 원피스 O211T682-03,"85,440원",1000064004462,㈜영흥/ 070-7606-3322,중국
쥬시 팜트리 세일러 카라 원피스 JC10237113142,"279,000원",1000048884369,신세계인터내셔날/신세계인터내셔날,중국
DB_ 레코브 스퀘어넥 캉캉 원피스 (LU21A5OP007X),"49,287원",1000065815778,주식회사 와이엠인터내셔널 (W몰)/해당사항 없음,기타
(LYNN/L449)카라원피스(LGOPLC9800),"259,000원",1000066011292,(주)테난/린컴퍼니,중국
[Thursday Island] 여성 가슴레이스 포인트 브이넥 원피스(T194MOP248W),"68,256원",1000065153222,주식회사 위즈원/해당사항 없음,기타
벨티드 퍼프 플레어 원피스_AWWOPL21100,"102,600원",1000063822703,㈜인동에프엔/해당없음,베트남
리넨 슬리브리스 원피스 9109341516056,"199,000원",1000035935601,신세계톰보이/신세계톰보이,중국
진주포인트 원피스 ENOW81291W,"31,655원",1000068177993,㈜이앤씨 월드/㈜이앤씨 월드,중국
(LYNN/L448)플라워프린트원피스(LWOPJG0500),"628,000원",1000065480665,(주)테난/해당사항 없음,한국
오픈데님 카라원피스(LU41A6DO005B),"46,008원",1000068915424,(주)아이디조이/(주)아이디조이,중국
옆주름 카라넥원피스(LGOPKE9900),"82,670원",1000044176949,(주)테난/(주)태진케이에스,중국
[SATIN] [나나 착용]카라 플리츠 배색 원피스 S212B625-52,"263,904원",1000068219769,(주)와이에스콜렉션/해당사항 없음,기타
[라인어디션](N753) 버튼 포인트 핀턱 원피스(NWOPLD0100),"249,000원",1000068138855,(주)린 컴퍼니/(주)린 컴퍼니,중국
메이 간절기 무지 쉬폰 반팔 플리츠 롱원피스,"31,709원",1000068901017,바비수아/해당사항 없음,기타
[21SS] 배색 니트 원피스 JNS2118,"445,470원",1000063453427,MAJE/㈜아이디룩/㈜아이디룩,중국
소매벌룬 카라원피스 JW0MO182,"110,976원",1000051440608,(주)모다이노칩 구리남양주점/해당사항 없음,기타
[매긴나잇브릿지]달리아 드레스_MKM1OP3040,"63,591원",1000066644972,(주)스타코퍼레이션/해당사항 없음,기타
스모킹 디테일 스트랩리스 드레스 화이트/플로럴,"29,900원",1000067570728,H&M/H&M Co.Ltd,중국
진주벨트 페미닌 라인 원피스 ENOW81142W,"8,643원",1000068178212,㈜이앤씨 월드/해당사항 없음,한국
[JAJU/자주] 에어 스트링 반팔 원피스_BLACK,"49,900원",1000064257451,(주)신세계인터내셔날/(주)신세계인터내셔날,중국
브이넥 티어드 체크 롱 원피스 L4OP13,"40,493원",1000066828120,케이알유통 주식회사/해당사항 없음,기타
쉬즈미스 사이드 슬릿 벨티드 원피스 SWWOPK21410,"64,752원",1000064006631,(주)모다이노칩 양산점/해당사항 없음,기타
알토 NC02 셔츠형 원피스 ALOW21323 (6588182),"23,434원",1000066138271,(주)셀러허브/해당사항 없음,기타
V넥 트위드 우븐배색 원피스 (AM1WO274),"78,832원",1000062626959,(주)LAP/(주)LAP,중국
마레OP B0C7O6651,"111,956원",1000053978499,(주)대명화학 유통사업부 진주점/해당사항 없음,기타
난닝구 케어데 퍼프 후드 원피스(BEST 상품) (베이지컬러 주문폭주!!) 1221A2OP05E,"38,208원",1000065942701,(주)엔터식스패션쇼핑몰/해당사항 없음,기타
[콜라보토리/BDAMA4030M] 마린 원피스,"144,180원",1000068669790,주)앤디앤뎁/해당사항 없음,한국
트로피컬 프린트 100% 린넨 원피스 06601807712,"179,000원",1000061305505,Massimo Dutti/마시모두띠코리아 유한회사,중국
차이나넥 썸머 원피스 9100341992084,"99,000원",1000050148658,신세계인터내셔날/신세계인터내셔날,중국
하운드투스체크 셔츠 원피스(J212XSE011),"169,150원",1000068440963,(주)대현/라타크,중국
여자 여름 플리츠 쉬폰 나염 플라워 롱 원피스,"56,804원",1000068138517,세븐제이스/해당사항 없음,기타
T.I아트웍 나시 롱원피스T204MOP258W,"95,482원",1000069356345,(주)모다이노칩 대구점/해당사항 없음,기타
[로엠] WY 오프숄더 원피스 - RMOW925Y12_51,"13,344원",1000065913406,(주)인터파크/해당사항 없음,기타
[VIVID SG] 레이스배색 쉬폰 플리츠 원피스 VS116007,"57,466원",1000058289846,엠엠씨/해당사항 없음,기타
빅체크 훌 레이어드 원피스 S(OP-5410),"50,914원",1000060171190,㈜바이와이제이/㈜바이와이제이,중국
언발 플라운스 하트 원피스 7251237018160,"149,000원",1000065675544,신세계인터내셔날/신세계인터내셔날,중국
라이닝 포인트 카라 니트 원피스(OP-4557),"14,471원",1000034289580,㈜바이와이제이/(주)바이와이제이,중국
트랜디 원피스 (J212XSE006),"254,150원",1000066217309,(주)대현/라타크,중국
[VOV]보브 핀턱 슬리브리스 원피스(7150237506),"94,400원",1000064020319,(주)신세계인터네셔날/(주)신세계인터네셔날,중국
[시흥점] [시흥점]세루티 21SS 원피스(실크스카프추가),"71,100원",1000062830583,우인어패럴/우인어패럴,중국
PL2WO081 허리스트링 반팔 원피스,"46,570원",1000064782058,(주)모다이노칩 전주김제점/해당사항 없음,기타
A라인 드레스 화이트/플로럴,"34,900원",1000049730055,H&M/H&M Co.Ltd,중국
캐주얼 슬림핏 니트 원피스(OP-4175),"46,214원",1000033375985,㈜바이와이제이/(주)바이와이제이,중국
[케네스레이디] (E565) 시스루 슬리브 벨트 H라인 원피스 (EWOPKH1600),"76,323원",1000065584450,(주)라인바이린/(주)라인바이린,중국
호피블럭배색 아노락원피스(AM2WO578),"48,190원",1000066077013,(주)랩/(주)랩,중국
하이웨이스트데님원피스(SB31A5DO503X),"46,008원",1000066476156,(주)아이디조이/1588-5992,중국
폴로 랄프 로렌 여성 리넨 티 랩 드레스(WMPODRSNFA20094400),"239,000원",1000065345434,랄프로렌코리아 유한회사/랄프로렌코리아 유한회사,인도
[로엠] WY 린넨 스트라이프 셔츠형 원피스 - RMOW926R11_59,"15,264원",1000065913520,(주)인터파크/해당사항 없음,기타
[로엠] WY V넥 원피스 - RMOW925Y11_19,"11,424원",1000065913411,(주)인터파크/해당사항 없음,기타
[7151237511] 보브 세일러 플리츠 원피스,"159,200원",1000067561782,신세계인터내셔날/중국,중국
[SATIN] [온라인단독] [나나 착용]플라워 패턴 롱 원피스 O211T692-60,"99,840원",1000065694486,㈜와이에스콜렉션/㈜와이에스콜렉션,중국
이프네 꽃단추원피스 (DL4WOP36),"25,200원",1000068256794,(주) 패션랜드/해당사항 없음,한국
[라인어디션] (N755) 벨티드 사선 셔링 원피스 (NWOPLC0500),"95,589원",1000067222625,주)린컴퍼니/주)린컴퍼니,중국
라운드 플리츠 롱 원피스 (MOBBOP01M3),"50,150원",1000065610106,㈜퍼스트에프엔씨/해당사항 없음,한국
(나이스클랍)카라형 반팔벨트 원피스N202MWO412,"79,200원",1000043036428,"나이스클랍,명화컬렉션/해당사항 없음",한국
NC 더아이잗 슬릿 트위스트 소매 원피스 IL4A0OP15_1_NC,"137,088원",1000069186170,주식회사 와이엠인터내셔널 (W몰)/해당사항 없음,기타
[라인어디션][N602]와이드 카라 트위드 A라인 원피스(NWOPLC1100),"121,524원",1000066688128,(주)린컴퍼니/(주)린컴퍼니,중국
리넨 블렌드 솔리드 오픈 재킷 (SWWJKK21050),"47,200원",1000048467037,(주)인동에프엔/(주)인동에프엔,베트남
올리브데올리브 주름 셔츠형 원피스 OW1M0326,"166,880원",1000065321110,올리브데올리브/수빈인터내셔날,중국
스퀘어넥 레이스 맥시 원피스(OP-5483),"69,712원",1000066542412,(주)바이와이제이/(주)바이와이제이,중국
[파주점] 언발란스 주름 스커트 (EK2WS462),"58,860원",1000065164765,(주)아이올리/해당사항 없음,한국
라운드 면 롱원피스 1 ZY22OP050,"37,440원",1000065982687,2001 아울렛 분당/해당사항 없음,기타
쉬즈미스 프린트 시폰 원피스 SWWOPK22030,"48,336원",1000064476105,(주)모다이노칩 양산점/해당사항 없음,기타
쿨피스 슬립 레이어드 원피스 (T214MOP302W),"136,890원",1000068917686,(주)지엔코/(주)지엔코,중국
21SS 플리츠 디테일 반팔 스웨트 원피스 EF201E-51G 056,"199,917원",1000064915010,동일드방레/해당사항 없음,한국
[파주점] [에셀리아]21SS  원피스(80094710001),"45,900원",1000061497989,우인어패럴/우인어패럴,중국
퍼프 슬리브 랩 스타일 원피스 JC10250301199,"299,000원",1000044025200,신세계인터내셔날/해당사항 없음,한국
[시즌오프]네이비 우븐 패치 니트 원피스 (BF085UC02R),"218,117원",1000052617987,삼성물산 패션부문/해당사항 없음,한국
올리비아 도트 프릴 원피스_P302384750,"31,968원",1000064239623,리스트/판매자 문의,상세설명참조
[로엠] WY 오프숄더 원피스 - RMOW926RQ3_39,"19,104원",1000065913380,(주)인터파크/해당사항 없음,기타
★특가★[21SS][그린빈폴] 카키 스트라이프 저지 원피스 (BF1171N03H),"144,900원",1000064556228,삼성물산 패션부문/삼성물산 패션부문,중국
데님 핀턱 원피스 (M212MOP566),"48,970원",1000066083004,(주)렙쇼메이/(주)렙쇼메이,중국
[라인어디션] (N755) 시스루 펀칭 니트 원피스 (NGKOLF9900),"79,000원",1000069254871,주)린컴퍼니/주)린컴퍼니,중국
번아웃프린트 미디 스커트(PM2WO509),"72,980원",1000069252935,(주)제이씨패밀리/(주)제이씨패밀리,중국
스퀘어넥 레이어링 원피스(OP-4005),"31,538원",1000032225333,㈜바이와이제이/(주)바이와이제이,중국
코튼 파스텔 플리츠 라운드넥 원피스 (VAOAD2557)_N2B9,"56,074원",1000066198603,(주) 신원/해당사항 없음,기타
[파주점] [VW베라왕]21SS 도트 쟈가드 드레스(80096120002),"75,650원",1000066450676,우인어패럴/우인어패럴,중국
[케네스레이디] (E565) 사선 포켓 벨티드 원피스 (EWOPKI0300),"85,215원",1000068056410,(주)라인바이린/(주)라인바이린,중국
리넨 블렌드 드레스 라이트 옐로/플로럴,"34,900원",1000067571215,H&M/H&M Co.Ltd,중국
샤인 원피스 블라우스 세트S(OP-5197),"26,756원",1000050142102,(주)바이와이제이/(주)바이와이제이,중국
[홈쇼핑방송/르오트(LeOT)] 메리썸머 린넨블렌디드 맥시 원피스-사이즈 55~88다양,"7,047원",1000049398217,패션지오(주)/해당사항 없음,기타
[라인](N604)레트로 배색 카라 원피스(NWOPKH02L),"70,395원",1000067635020,(주)린컴퍼니/(주)린컴퍼니,중국
[라인어디션][N602]레이스 디테일 카라 원피스(NWOPKH0900),"64,467원",1000066703335,(주)린컴퍼니/(주)린컴퍼니,중국
[난닝구] 오드랑 데님원피스,"39,360원",1000068980511,엔라인협력사/엔라인협력사,중국
(지고트) 깅엄 체크 볼륨 소매 원피스 JK7A0OP79,"162,757원",1000049969399,(주)바바패션/(주)바바패션,중국
세일러 빅카라 밑단 기계주름 OPS(AM2WO57B),"77,697원",1000069460783,(주)랩/(주)랩,중국
헤리티지체크원피스(KNM3124),"509,150원",1000066277361,(주) 아이디룩/(주) 아이디룩,중국
코지웨어 체크 원피스 (MABAOP02M2),"80,920원",1000061028604,㈜퍼스트에프엔씨/해당사항 없음,한국
쉬즈미스 프릴 플로럴 시폰 원피스 SWWOPK22030,"69,773원",1000065000811,(주)엔터식스패션쇼핑몰/해당사항 없음,기타
COLLAR DRESS_TT1S601NY,"109,500원",1000064560297,(주)아우라유/해당사항 없음,한국
T22B1TDR010WT1 레귤러 스트라이프 폴로 원피스,"161,680원",1000064305627,TOMMY HILFIGER/(주)한섬,베트남
플라워프린트원피스(LGOPKD9600),"107,810원",1000043113865,(주)테난/(주)태진케이에스,중국
쉬즈미스 골드라벨 버튼드 벨트 원피스  SWWOPK23010,"56,544원",1000065446901,(주)모다이노칩 양산점/해당사항 없음,기타
빅사이즈] 사선 라인 박시 원피스,"19,488원",1000044473648,샤랄라/해당사항 없음,기타
카라 배색 코튼 블랜딩 체크 원피스  TAOAE2556 _P301825473,"86,228원",1000063537073,비키/판매자 문의,상세설명참조
[SATIN] 프린트 블록 사선여밈 플레어 원피스 S212B612-25,"226,810원",1000068226502,(주)와이에스콜렉션/해당사항 없음,기타
"CK4 E0 OP42 (치코,치치 원피스)","152,150원",1000042660795,(주) 바바패션/해당사항 없음,한국
프릴장식 랩 원피스 PM2WO562,"78,027원",1000067168786,(주)아이올리 /상세설명참조,중국
[루시앙_여성] 루시앙 루멘 플라워 앙상블 원피스 4종 택1 (P001416624),"9,504원",1000066189651,마리오쇼핑주식회사/해당사항 없음,기타
샤틴 NC10 나나 착용 퍼프 슬리브  원피스 S12B640 (6947343),"258,538원",1000068470970,(주)셀러허브/해당사항 없음,기타
(LYNN/L448)플라워프린트기본원피스(LWOPJG0800),"498,000원",1000065490927,(주)테난/해당사항 없음,한국
[로엠] WY 허리리본 린넨 롱원피스 - RMOW926R21_80,"19,104원",1000065913519,(주)인터파크/해당사항 없음,기타
허리밴딩 패턴 카라 롱 원피스 L4OP05,"27,946원",1000065574575,케이알유통 주식회사/해당사항 없음,기타
카라 배색 코튼 블랜딩 체크 원피스 (TAOAE2556),"92,861원",1000063834743,(주) 신원/해당사항 없음,기타
벨티드정장원피스(J211XSE004),"271,150원",1000059440007,(주)대현/해당사항 없음,한국
[케네스레이디] (E598) 퍼프 슬리브 플리츠 원피스 (EWOPKH0800),"79,287원",1000068010692,(주)라인바이린/(주)라인바이린,중국
벌룬 슬리브 카라 원피스 7210337080106,"249,000원",1000059153223,신세계인터내셔날/해당사항 없음,한국
뷔스티에 플라워 롱 원피스 [AL212Wo543],"45,978원",1000067257741,아라컴퍼니/아라컴퍼니,상세설명참조
[오마이걸 아린 착용](OP-21315) DENIM PUFF-SLEEVE ONE-PIECE LIGHT BLUE,"66,930원",1000066581497,㈜바이와이제이/(주)바이와이제이,중국
퍼프 슬리브 랩 스타일 원피스 JC10250301140,"299,000원",1000044025203,신세계인터내셔날/해당사항 없음,한국
[벨트set]엘레강스칼라랩페미닌원피스,"47,904원",1000052241411,(주)와이티드림/해당사항 없음,기타
[쥬크] 루즈핏 벨티드 원피스 (Z212MSE101),"151,211원",1000064581094,(주)대현/(주) 대현,기타
[로엠] WY 플라워 쉬폰 미니 원피스 - RMOW924RQ8_25,"19,104원",1000065913466,(주)인터파크/해당사항 없음,기타
[데이즈] 그래픽원피스롱,"19,900원",1000063381835,(주)팬코/(주)신세계인터내셔날,베트남
[탱커스] 뷔스티에 끈나시 플레어 롱 데님 원피스,"43,191원",1000064640196,주식회사 이끌림컴퍼니/해당사항 없음,기타
매듭 포인트 롱 니트 원피스 7120150508199,"77,566원",1000059092725,신세계인터내셔날/해당사항 없음,한국
[로엠] WY 레이스카라 단추 원피스 - RMOW924RS3_59,"19,104원",1000065913540,(주)인터파크/해당사항 없음,기타
21SS 셔링 디테일 반팔 셔츠 원피스 EF5926-51G 031,"269,757원",1000067812532,동일드방레/동일드방레,태국
올오버 도트 프린팅 롱 원피스 7210237011146,"299,000원",1000049827575,신세계인터내셔날/신세계인터내셔날,중국
올리비아로렌 DP01 슬림라인 원피스 VOCOAWM4241 (6786128),"66,240원",1000065980536,(주)셀러허브/해당사항 없음,기타
T22B1TDR060WT1 린넨 아웃포켓 셔츠 원피스,"275,000원",1000066212943,TOMMY HILFIGER/(주)한섬,인도
셔츠카라벨트원피스(LGOPKD9500),"91,430원",1000043113818,(주)테난/(주)태진케이에스,중국
[케네스레이디] (E598) 더블버튼 플레어 원피스 (EWOPKH1208),"72,618원",1000064493701,(주)라인바이린/(주)라인바이린,중국
플라워 깅엄 체크 원피스  (T214MOP236W),"269,100원",1000061941508,(주)지엔코/(주)지엔코,중국
여성 플라워 프린트 러플 슬립 원피스 ZOOPK723_RE,"16,781원",1000068551611,(주)위비스/해당사항 없음,기타
미디 셔츠 드레스 라이트 블루,"34,900원",1000060420000,H&M/H&M Co.Ltd,중국
레이스 MIX 솔리드 원피스 (T214MOP242W),"163,170원",1000063970435,(주)지엔코/(주)지엔코,중국
언밸런스 사선 원피스 (M212MOP5A3),"40,670원",1000066591153,(주)렙쇼메이/(주)렙쇼메이,중국
DB_ 레코브 오로라원피스 (LU31A5OP527X),"50,362원",1000065815500,주식회사 와이엠인터내셔널 (W몰)/해당사항 없음,기타
테잎 장식 포인트 원피스 (SAOP16841/네이비),"69,831원",1000044660278,㈜정현통상/해당사항 없음,기타
티어드 슬리브 카라넥 원피스 IK5N0OP75,"56,640원",1000065482438,NC 강서점/해당사항 없음,기타
[Blue Label]볼륨 슬리브리스 시크 그래픽 저지원피스(EM2OOP13),"103,200원",1000069681058,(주)제이씨패밀리/해당사항 없음,한국
기계주름 소매 H라인 블루종 원피스 VOCOAUM4241_P304359244,"25,978원",1000066538037,올리비아로렌/판매자 문의,상세설명참조
플라운스 디테일 튜닉 라이트 베이지,"34,900원",1000049739569,H&M/H&M Co.Ltd,터키
V넥 나일론 소매셔링 원피스 (AM2WO449),"48,190원",1000066538867,(주)LAP/(주)LAP,중국
벨티드 원피스 (SWWOPK21410),"54,400원",1000048997984,(주)인동에프엔/(주)인동에프엔,베트남
샤틴 NC10 퍼플 플라워 플리츠 원피스 S212B659A55 (6864652),"224,669원",1000065922031,(주)셀러허브/해당사항 없음,기타
나염 배색 롱원피스(SB31A6OP533X),"39,412원",1000066538496,(주)아이디조이/(주)아이디조이,중국
[SATIN] 쥬얼 버튼 진주 메쉬 원피스 S212B675-11,"263,904원",1000066928817,(주)와이에스콜렉션/해당사항 없음,기타
[부산점] [온앤온] 꽃무늬 패턴 롱 원피스 (JW1MO471),"279,000원",1000069723085,(주)보끄레머천다이징/(주)보끄레머천다이징,중국
후드 집업 원피스 (수입),"26,346원",1000065317916,인디브랜드 제휴업체/인디브랜드 제휴업체,중국
레이스 카라 벨티드 원피스 7251237701130,"159,000원",1000065393551,신세계인터내셔날/신세계인터내셔날,중국
톤온톤 트위드 버튼 원피스 (SAKO45931/베이지),"99,725원",1000062185003,㈜정현통상/해당사항 없음,기타
벨티드 카라 원피스 Y212O602-25,"50,040원",1000064812041,㈜와이에스콜렉션/해당사항 없음,한국
[로엠] WY 프릴 뷔스티에 원피스 - RMOW925RS7_25,"13,344원",1000065913501,(주)인터파크/해당사항 없음,기타
[이유비 착용] 썸머 체크 원피스 (MOBBOP18M4),"61,600원",1000065849959,㈜퍼스트에프엔씨/해당사항 없음,한국
[질스튜어트뉴욕 우먼][20SS]JSDR0B991P1  핑크 자수패턴 면혼방 반팔원피스 ,"169,389원",1000050903930,질스튜어트뉴욕 우먼/판매자 문의,상세설명참조
숲 A라인 카라 벨티드 원피스 SW8OPT81,"63,389원",1000065498423,(주)모다이노칩 천안아산점/해당사항 없음,기타
라운드넥 주름 니트 원피스  SAOCG2963 _P301825373,"37,556원",1000063537087,씨/판매자 문의,상세설명참조
[난닝구] 고네프 박시나염원피스,"13,500원",1000064807779,엔라인협력사/해당사항 없음,한국
[로엠] Y 프릴 배색 원피스 - RMOW812GQ3_25,"24,000원",1000048454057,(주)인터파크/해당사항 없음,기타
끈멜빵 데님원피스 (AM2DO442),"43,781원",1000068985708,(주)LAP/(주)LAP,중국
프릴카라넥 벨티드 플리츠원피스 (Z204MSE026),"143,100원",1000062679844,(주)대현/해당사항 없음,한국
도트 랩 플리츠 원피스(OP-4538),"16,697원",1000034602557,㈜바이와이제이/(주)바이와이제이,중국
이엔씨(ENC)뒷트임원피스ENOW03893O,"32,199원",1000050052883,(주)모다이노칩 김천구미점/해당사항 없음,기타
[반에이크] 레이스 반넥 원피스_VA92OPQ316Z_M1Z5,"13,594원",1000060379263,주식회사 세정글로벌/해당사항 없음,기타
[로엠] WY 체크 원피스 - RMOW926RQ6_40,"17,184원",1000065913515,(주)인터파크/해당사항 없음,기타
칼라 엠브로이더드 코튼 원피스 7220337601240,"149,400원",1000059153286,신세계인터내셔날/신세계인터내셔날,중국
하이웨이스트 서스펜더 원피스(PM2WO569),"56,580원",1000069256422,(주)제이씨패밀리/(주)제이씨패밀리,중국
쮸리배색 아노락 원피스( AM1WO265),"51,726원",1000061028134,(주)LAP/(주)LAP,중국
[매긴나잇브릿지]로라 드레스_MKM1OP3030,"86,650원",1000066644970,(주)스타코퍼레이션/해당사항 없음,기타
샤틴 NC10 [나나 착용] 빈티지 플리츠 원피스 S12B690 (6946446),"224,669원",1000068472349,(주)셀러허브/해당사항 없음,기타
(E504)[케네스레이디] 잔체크 배색 카라 원피스 (EGOPKG9900),"82,251원",1000065590393,(주)라인바이린/(주)라인바이린,중국
샤틴 NC10 나나착용 퍼프슬리브 플라워원피스 S12C652 (6935625),"241,604원",1000067561843,(주)셀러허브/해당사항 없음,기타
밑단 배색 스퀘어넥 원피스 (AM2WO486),"41,206원",1000066476478,(주)LAP/(주)LAP,중국
니트 패턴 딥 브이 넥 블랙 원피스 SAOAD2538,"74,324원",1000066018881,(주)모다이노칩 경주점/해당사항 없음,기타
[made by LAP] 웨스턴 디테일 데님 점프수트 (AM2DO560),"66,043원",1000068953849,(주)LAP/(주)LAP,중국
체크 패턴드 러플 랩 원피스 JC10237101146,"199,000원",1000049620292,신세계인터내셔날/해당사항 없음,한국
[로엠] WY 봄 트위드 원피스 - RMOW823RQ1_19_Q5Q7,"14,304원",1000048453909,(주)인터파크/해당사항 없음,기타
플라잉 쉬폰 원피스_P061112467,"28,426원",1000042884000,키첼/판매자 문의,상세설명참조
온앤오프 루즈핏 롱 원피스(ops1127),"14,045원",1000049898379,드레스날다/해당사항 없음,기타
패턴허리셔링쉬폰원피스(SAOP70931),"71,520원",1000067415217,주베네통코리아/중국,중국
(LYNN/L448)점프수트(LWOPJG0700),"498,000원",1000065579536,(주)테난/해당사항 없음,한국
오픈카라 모던 원피스 S(OP-5471),"69,712원",1000066248629,㈜바이와이제이/나인,중국
숲 넥 프릴 플라워 원피스 (SW5OP8C),"29,250원",1000044562246,엘오브제이/(주)동광인터네셔날,중국
[리스트(LIST)] 미니멀 오픈넥 카라 벨트 원피스 (택가격278000원),"35,204원",1000057635447,패션지오(주)/해당사항 없음,기타
앤티원피스(LS41A3OP003R),"46,008원",1000059857139,(주)아이디조이/(주)아이디조이,중국
블리스원피스(CK5E0OP53),"101,150원",1000044264161,(주)바바패션/(주)바바패션,중국
프릴 레이어 반팔 원피스 7220237605199,"149,400원",1000049827675,신세계인터내셔날/신세계인터내셔날,중국
★21신상★ 코튼 라운드넥 캐주얼 포켓 데님 원피스 (VCOKC2513)_V1T4,"36,980원",1000066326037,(주) 신원/해당사항 없음,기타
[Thursday Island] 여성 프릴 빅카라 패턴 미니 원피스(T194MOP249W),"70,157원",1000065153217,주식회사 위즈원/해당사항 없음,기타
브이넥 허리스트링 롱 원피스 L4OP14,"40,493원",1000065477154,케이알유통 주식회사/해당사항 없음,기타
폴로 랄프 로렌 여성 리넨 벨트 셔츠드레스(WMPODRSNFA20053100),"399,000원",1000064618666,랄프로렌코리아 유한회사/랄프로렌코리아 유한회사,캄보디아
(CD-1332)뉴 라인 포인티드 니트 가디건,"10,637원",1000034985607,㈜바이와이제이/㈜바이와이제이,중국
[레코브(LECCOVE)] 에린 스트링 원피스,"15,648원",1000051634656,패션지오(주)/해당사항 없음,기타
데일리 볼륨 소매 원피스 NW1XO451,"191,200원",1000065332417,(주)보끄레머천다이징/중국,중국
[soos] 데님 카라 민소매 롱원피스_S202BOP671-BL,"17,664원",1000065313749,주식회사 스튜머스/해당사항 없음,기타
[로엠] WY 세트 민소매 블라우스 - RMBN837GQ1_75,"7,680원",1000049186372,(주)인터파크/해당사항 없음,기타
21SS 반팔 롱기장 티셔츠 원피스 EF1301-51G 423,"226,107원",1000063917500,동일드방레/동일드방레,터키
진주단추 니트원피스 O203T913-25,"49,664원",1000052377444,㈜영흥/ 070-7606-3322,중국
[21SS] 플라워패턴 롱 원피스 SNM31N2,"589,000원",1000069915366,SANDRO/㈜아이디룩/해당사항 없음,한국
스퀘어넥 셋업 슬리브리스 원피스(OP-4913),"26,756원",1000044771757,(주)바이와이제이/(주)바이와이제이,중국
[Thursday Island] 여성 펀칭자수배색 요루 화이트 원피스(T194MOP266W),"91,988원",1000065154907,주식회사 위즈원/해당사항 없음,기타
플라워 엠브로이더드 린넨 원피스 7220337682103,"179,400원",1000054405128,신세계인터내셔날/신세계인터내셔날,중국
울 체크 세일러카라 원피스(D204MSE041),"245,590원",1000068174612,주)대현/해당사항 없음,한국
핀턱 브이넥 랩 블라우스 (GL4N0BL44),"53,550원",1000063985303,(주)바바패션/해당사항 없음,한국
배색 카라 플리츠 원피스(NWOPKH6200),"76,323원",1000063115240,(주)린컴퍼니/(주)린컴퍼니,중국
테일러드카라 턱소매 절개 원피스(PM2WO538),"64,780원",1000068955192,(주)제이씨패밀리/(주)제이씨패밀리,중국
[난닝구] 큐지스 벨트플리츠원피스,"24,436원",1000068995836,엔라인협력사/협력업체,중국
리비드 맥시 드레스 라이트 베이지,"19,900원",1000067944542,H&M/H&M Co.Ltd,캄보디아
언발란스 버튼드 벨티드 원피스_SWWOPJ31090,"42,923원",1000060293639,D&L/㈜인동에프엔,베트남
S 이브 OP(B1M4G679),"143,650원",1000064980081,(주)수인터내셔날/(주)수인터내셔날,베트남
[SATIN][온라인단독] 심플 레이스 반소매 원피스 O211T607-11,"47,040원",1000060386639,㈜영흥/ 070-7606-3322,중국
[로엠] WY 라비앙 뷔스티에 원피스 - RMOW925Y17_75,"11,424원",1000065913499,(주)인터파크/해당사항 없음,기타
[코데즈컴바인 여성] 허리 스트링 데님 긴팔 원피스_(CGA-DO602W1),"33,150원",1000059520903,(주)코데즈컴바인/(주)코데즈컴바인,중국
스퀘어 넥 체크 원피스 IK7N0OP81-82,"33,322원",1000069927721,(주)대명화학 유통사업부 진주점/해당사항 없음,기타
트위드 머메이드 원피스(OP-5481),"76,761원",1000066542446,(주)바이와이제이/(주)바이와이제이,중국
[지컷21S/S]셔링 퍼프 슬리브 원피스(7251237017),"104,598원",1000066191523,(주)워너비트레이딩/(주)신세계인터내셔날,중국
j85  ka4300핏앤 플레어  니트 원피스,"37,440원",1000044453264,뉴코아 아울렛 일산점/해당사항 없음,기타
 솔리드 러플 랩 원피스 BAOP55931 BK_P092210074,"74,592원",1000060417088,베네통/판매자 문의,상세설명참조
에스닉 펀칭 브이넥 화이트 롱 원피스,"28,973원",1000068303432,패션시그널/해당사항 없음,기타
플레어 드레스 블루/플로럴,"23,900원",1000051440432,H&M/H&M Co.Ltd,중국
[케네스레이디] (E598) 언발 카라 포인트 벨티드 원피스 (EWOPKG0100),"72,618원",1000068010703,(주) 라인 바이린/(주) 라인 바이린,중국
[지컷21S/S]더블 플리츠 원피스(7251237700),"111,618원",1000064715579,(주)위드트레이딩/(주)신세계인터내셔날,중국
반팔롱원피스 옆트임,"9,322원",1000052315262,주식회사 민트위니/해당사항 없음,기타
[디자이어로즈 핏] 여자 회사원 여름 린넨 원피스 OP0232 (5660504),"26,112원",1000049676015,(주)셀러허브/해당사항 없음,기타
[SATIN] [나나 착용]플로럴 패턴 프릴 쉬폰 원피스 S212B660-11,"173,818원",1000066646382,(주)와이에스콜렉션/해당사항 없음,기타
썸머 워터 페인트 슬리브리스 원피스 (SAOAF2579),"62,448원",1000063835474,(주) 신원/해당사항 없음,기타
하트 허리밴딩 원피스 ENOW81143W,"8,643원",1000068178079,㈜이앤씨 월드/해당사항 없음,한국
[Thursday Island] 여성 패치 벨슬리브 패턴원피스(T194MOP804W),"55,920원",1000065154846,주식회사 위즈원/해당사항 없음,기타
컬러블럭오픈원피스(LU31A6KO503B),"49,965원",1000064898581,(주)아이디조이/(주)아이디조이,중국
[여주점] 러플소매 벨티드원피스(A202PWO504),"53,000원",1000067469496,YWINC/상품상세설명 참조,중국
브이넥 벨트 카라 슬리브리스 롱 원피스 (SAOAF2577-1/SAO2577/sao2577),"45,207원",1000050311862,(주)모다이노칩 천안아산점/해당사항 없음,기타
브이넥 퍼프 플라워패턴 원피스S212C652A51,"246,528원",1000066887335,(주)모다이노칩 전주김제점/해당사항 없음,기타
브이넥 소매 핀턱 원피스 (MOBBOP15M4),"40,000원",1000066457063,㈜퍼스트에프엔씨/해당사항 없음,한국
[난닝구] 퍼아스 플라워원피스,"26,820원",1000070014890,엔라인협력사/엔라인협력사,중국
린넨 솔리드 스트랩 원피스(OP-4607),"21,891원",1000034835043,㈜바이와이제이/(주)바이와이제이,중국
★특가★네이비 블로킹 슬리브리스 니트 원피스 (BF045UC04R),"173,765원",1000044114889,삼성물산 패션부문/해당사항 없음,한국
플리츠포인트언발원피스(N203MWO703),"107,100원",1000049498376,(주)롯데지에프알/해당사항 없음,한국
맥시 드레스 네이비 블루/화이트 스트라이프,"12,900원",1000049507485,H&M/H&M Co.Ltd,방글라데시
[made by LAP] 린넨 프릴 미니원피스 (AM2WO567),"51,507원",1000068224540,(주)LAP/(주)LAP,중국
프린팅 플리츠 원피스 NW1MO415,"287,200원",1000069518529,(주)보끄레머천다이징/(주)보끄레머천다이징,중국
캐논 원피스(CL4E0OP41),"175,200원",1000061740636,(주)바바패션/(주)바바패션,중국
[made by LAP 기하학 패턴 V넥 저지 원피스(AM2WO561),"68,967원",1000068206569,(주)LAP/해당사항 없음,한국
[JL5E0OP06] 벨트 일체형 덧장 셔링 원피스,"239,000원",1000067884222,(주)바바패션/(주)바바패션,중국
(E504)[케네스레이디] 롤업슬리브 벨티드 원피스 (EGOPKE9500),"70,395원",1000065590400,(주)라인바이린/(주)라인바이린,베트남
PM2WO961 빅카라주름원피스,"76,464원",1000065475421,(주)모다이노칩 전주김제점/해당사항 없음,기타
파인니트 드레스 파우더 핑크,"34,900원",1000050527285,H&M/H&M Co.Ltd,중국
브이넥 레터링 슬림 원피스 7120450503147,"87,557원",1000059090642,신세계인터내셔날/해당사항 없음,한국
카라넥리본포인트원피스 IL4N0OP932,"47,165원",1000064407344,(주)모다이노칩 구리남양주점/해당사항 없음,기타
퓨어 스트라이프 셔츠 원피스,"27,562원",1000044213774,주식회사에이치앤비스타일/해당사항 없음,기타
마루 퍼프 원피스 B1B4O627_74,"181,440원",1000068922979,뉴코아 아울렛 일산점/해당사항 없음,기타
버튼드 솔리드 원피스 TWWOPK62060_P302534361,"43,527원",1000064578814,리스트/판매자 문의,상세설명참조
랩스타일 언발 프릴 원피스 Lj7op550,"20,093원",1000068786808,(주)모다이노칩 충주점/해당사항 없음,기타
[] 여자 봄 여름 귀여운 연청 데님 멜빵 롱원피스 (6739782),"45,044원",1000065988447,(주)셀러허브/해당사항 없음,기타
[잇미샤]버튼 데님 미니 원피스(ITL4DOP140),"197,100원",1000067084882,(주)시선인터내셔널/해당사항 없음,한국
[made by LAP] 세일러 빅카라 퍼프소매 원피스 (AM2WO465),"69,142원",1000065470995,(주)LAP/(주)LAP,중국
NASA 가슴레터링 반팔 롱 원피스-SG2TSF058,"38,468원",1000065805299,(주)모다이노칩 천안아산점/해당사항 없음,기타
쿨피스 저지+패턴 믹스 원피스 (T214MOP301W),"182,250원",1000068915916,(주)지엔코/(주)지엔코,중국
미디 드레스 라이트 베이지/지브라 프린트,"34,900원",1000060420151,H&M/H&M Co.Ltd,인도
린넨 버튼 포켓 원피스(OP-5209),"46,214원",1000050216901,(주)바이와이제이/(주)바이와이제이,중국
레이스 블럭 니트 원피스 (SAKO36931/핑크),"104,736원",1000062185010,㈜정현통상/해당사항 없음,기타
스윗 여성 플리츠 무지 반팔 롱원피스,"32,592원",1000066608525,바비수아/해당사항 없음,기타
21S/S 코튼 후디 롱원피스  9171141997,"63,200원",1000060197379,신세계인터내셔날/신세계인터내셔날,중국
레코브 체크리본원피스 LU3195OP538X,"17,021원",1000063631097,(주)갑을상사/해당사항 없음,기타
쁘띠 트위드 원피스(OP-4807),"67,404원",1000042097332,(주)바이와이제이/(주)바이와이제이,중국
[로엠] WY 린넨 스트라이프 자켓형 원피스 - RMOW925R31_59,"19,104원",1000065913428,(주)인터파크/해당사항 없음,기타
[오조크] 오조크 폴리 스트라이프 핀턱 원피스 FOOMCOV580A (P001071632),"23,319원",1000065739315,마리오쇼핑주식회사/해당사항 없음,기타
[Thursday Island] 여성 네트조직 롱 원피스(T194MOP247W),"62,564원",1000065153225,주식회사 위즈원/해당사항 없음,기타
**린넨 슬리브리스 롱 원피스 JW0MO181,"84,096원",1000051439881,(주)모다이노칩 구리남양주점/해당사항 없음,기타
모나코 투포켓 원피스 (FF0H7OP0043),"33,197원",1000053019355,(주)모다이노칩 전주김제점/해당사항 없음,기타
V넥 사틴 나시 원피스 (AM1WO282),"42,777원",1000061142697,(주)LAP/(주)LAP,중국
플라워 프린트 프릴 원피스 7250337002199,"159,000원",1000048887622,신세계인터내셔날/신세계인터내셔날,중국
보브 톤ON톤 원피스(7111237506),"259,000원",1000068090671,(주)신세계인터네셔날/(주)신세계인터네셔날,중국
보브 핀턱 슬리브리스 원피스(7150237506),"94,400원",1000064505362,(주)신세계인터네셔날/(주)신세계인터네셔날,중국
더블 카라 플레어 셔츠 원피스 7151237501199,"179,000원",1000062371257,신세계인터내셔날/신세계인터내셔날,중국
비대칭 플레어 셔링 원피스_TSWOPK60010,"97,272원",1000053164766,에이로주식회사/㈜인동에프엔,베트남
[린넨혼방]모던퍼프페미닌훌린넨원피스,"54,058원",1000069282227,(주)와이티드림/해당사항 없음,기타
투 포켓 벨티드 원피스(7150337505),"110,400원",1000070365183,신세계인터내셔날/신세계인터내셔날,중국
체크 스모킹 레이스업 원피스(OP-4971),"35,826원",1000045772569,(주)바이와이제이/(주)바이와이제이,중국
[SATIN] [SATIN][온라인단독]A라인 보석버튼 니트원피스 O211T906-25,"56,320원",1000063801081,㈜영흥/ 070-7606-3322,중국
프릴 플라워 무드 롱 원피스 LU31A6OP530X,"46,464원",1000068042204,케이알유통 주식회사/해당사항 없음,기타
[루즈핏] 린넨 라운드 배색 롱 원피스,"22,906원",1000049157090,샤랄라/해당사항 없음,기타
[Thursday Island] 여성 네크 프릴 펀칭 원피스(T194MOP261W),"69,207원",1000065154911,주식회사 위즈원/해당사항 없음,기타
플라워 쉬폰 롱 원피스 ENOW11391N,"84,584원",1000064467092,㈜이앤씨 월드/㈜이앤씨 월드,베트남
레이스 믹스 니트 반팔 원피스 (SAKO34931/블랙),"89,703원",1000062185024,㈜정현통상/해당사항 없음,기타
퍼프 슬리브 드레스 블랙/오렌지 플로럴,"21,900원",1000049507260,H&M/H&M Co.Ltd,중국
어깨 자수 포인트 H라인 코튼 원피스 Y212O604-25,"59,600원",1000064867359,㈜와이에스콜렉션/㈜와이에스콜렉션,중국
스트링 후드 컬러패턴 7부 볼륨소매 원피스 CY38OP100,"79,488원",1000051602754,(주)모다이노칩 대구점/해당사항 없음,기타
퍼프 원피스 (AM2WO58B),"30,643원",1000067401024,(주)LAP/(주)LAP,중국
(LYNN/L448)플라워프린트 오프숄더 원피스(LWOPJG0900),"698,000원",1000065470861,(주)테난/해당사항 없음,한국
3층올리비아로렌 NC06 깅엄 체크원피스 VVCOAWM4251 (6872348),"63,360원",1000065908856,(주)셀러허브/해당사항 없음,기타
[케네스레이디] (E598) 플레어 슬리브 플리츠 원피스 (EWOPKH0900),"85,956원",1000068011002,(주)라인바이린/(주)라인바이린,중국
[난닝구] 첼시드 베스트원피스,"17,820원",1000064640028,엔라인협력사/해당사항 없음,한국
미니 원피스 블라우스 (T214MOP269W),"128,470원",1000064190877,(주)지엔코/(주)지엔코,중국
버튼업 카라원피스 (AM2WO47B),"55,174원",1000064980279,(주)LAP/(주)LAP,중국
예쁜핀탁청원피스M21206035,"53,100원",1000068969488,주)에스엔지인피니티/주)에스엔지인피니티,중국
도트 브이넥 쉬폰 원피스 OW0AO147,"236,160원",1000050849206,올리브데올리브/해당사항 없음,한국
[케네스레이디] (E598) 더블버튼 V넥 베스트원피스 (EWOPLB4209),"92,848원",1000064953941,(주)라인바이린/(주)라인바이린,중국
자수프린트 롱 원피스(SAOP56031),"214,344원",1000065469987,명신코퍼레이션(주)/명신코퍼레이션(주),중국
데이즈 도트 롱원피스,"25,988원",1000066345598,주식회사 블루모다/해당사항 없음,기타
[로엠] WY 플라워 나염 원피스 - RMOW912RQ3_39_M4G1,"15,264원",1000063238583,(주)인터파크/해당사항 없음,기타
콘트라스트 루즈핏 원피스,"83,204원",1000044249060,도현어패럴/해당사항 없음,기타
더아이잗뉴욕 NC11 카라버튼뒷밴딩원피스 IL5N0OP92 (6955698),"85,440원",1000069049973,(주)셀러허브/해당사항 없음,기타
멜로디 롱 셔츠 원피스,"16,541원",1000062972085,(주)엠앤리치/해당사항 없음,기타
캐주얼 솔리드 카라 니트 원피스(OP-5523),"46,214원",1000065348081,㈜바이와이제이/㈜바이와이제이,중국
